predicted_job_id,arrival_order,arrival_offset_minutes,required_cpu,required_memory,expected_duration_minutes,role,app_name,job_type,forecasting_approach
pred_000001,1,0.5,64,320,503.141734,cn,app_77,batch,job_level_historical_profile_forecasting
pred_000002,2,0.533333333,64,320,2.14003,cn,app_140,interactive,job_level_historical_profile_forecasting
pred_000003,3,1.35,48,240,472.45,cn,app_14,batch,job_level_historical_profile_forecasting
pred_000004,4,1.391666667,8,32,1369.83056,hn,app_139,batch,job_level_historical_profile_forecasting
pred_000005,5,3.425,64,320,383.118127,cn,app_87,batch,job_level_historical_profile_forecasting
pred_000006,6,5.458333333,64,320,383.118127,cn,app_87,batch,job_level_historical_profile_forecasting
pred_000007,7,7.391666667,96,480,606.95,cn,app_19,batch,job_level_historical_profile_forecasting
pred_000008,8,8.425,96,480,366.1517245,cn,app_126,batch,job_level_historical_profile_forecasting
pred_000009,9,9.158333333,48,400,629.435338,cn,app_68,batch,job_level_historical_profile_forecasting
pred_000010,10,10.86666667,48,201.5,2.6081955,cn,app_0,interactive,job_level_historical_profile_forecasting
pred_000011,11,13.9,8,40,0.1161565,hn,app_20,interactive,job_level_historical_profile_forecasting
pred_000012,12,15.975,48,201,1470.527864,cn,app_0,batch,job_level_historical_profile_forecasting
pred_000013,13,15.99166667,8,40,19.18333333,hn,app_140,interactive,job_level_historical_profile_forecasting
pred_000014,14,16.90833333,64,320,141.8166667,cn,app_2,batch,job_level_historical_profile_forecasting
pred_000015,15,17.275,96,480,162.0166667,cn,app_152,batch,job_level_historical_profile_forecasting
pred_000016,16,19.30833333,64,320,383.118127,cn,app_87,batch,job_level_historical_profile_forecasting
pred_000017,17,22.40833333,96,480,680.2970972,cn,app_37,batch,job_level_historical_profile_forecasting
pred_000018,18,23.725,8,40,1267.566667,hn,app_24,batch,job_level_historical_profile_forecasting
pred_000019,19,27.69166667,96,480,15.85,cn,app_136,interactive,job_level_historical_profile_forecasting
pred_000020,20,29.725,64,320,383.118127,cn,app_87,batch,job_level_historical_profile_forecasting
pred_000021,21,30.13333333,8,40,52.81309,hn,app_77,interactive,job_level_historical_profile_forecasting
pred_000022,22,31.80833333,12,120,30.0164295,hn,app_0,interactive,job_level_historical_profile_forecasting
pred_000023,23,33.88333333,48,201,1470.527864,cn,app_0,batch,job_level_historical_profile_forecasting
pred_000024,24,37.125,48,240,1338.292103,cn,app_30,batch,job_level_historical_profile_forecasting
pred_000025,25,37.34166667,8,40,10.83777,hn,app_145,interactive,job_level_historical_profile_forecasting
pred_000026,26,39.375,64,320,383.118127,cn,app_87,batch,job_level_historical_profile_forecasting
pred_000027,27,40.54166667,96,480,248.1666667,cn,app_18,batch,job_level_historical_profile_forecasting
pred_000028,28,41.45833333,64,320,141.8166667,cn,app_2,batch,job_level_historical_profile_forecasting
pred_000029,29,42.49166667,96,480,366.1517245,cn,app_126,batch,job_level_historical_profile_forecasting
pred_000030,30,44.075,16,80,1878.114273,hn,app_125,batch,job_level_historical_profile_forecasting
pred_000031,31,46.10833333,64,320,383.118127,cn,app_87,batch,job_level_historical_profile_forecasting
pred_000032,32,46.96666667,64,350,1713.383625,cn,app_138,batch,job_level_historical_profile_forecasting
pred_000033,33,49,64,320,383.118127,cn,app_87,batch,job_level_historical_profile_forecasting
pred_000034,34,50.50833333,96,480,2.4086965,cn,app_13,interactive,job_level_historical_profile_forecasting
pred_000035,35,53.675,192,960,3937.156391,cn,app_35,batch,job_level_historical_profile_forecasting
pred_000036,36,55.70833333,64,320,383.118127,cn,app_87,batch,job_level_historical_profile_forecasting
pred_000037,37,57.30833333,64,320,143.0061695,cn,app_20,batch,job_level_historical_profile_forecasting
pred_000038,38,59.24166667,96,480,606.95,cn,app_19,batch,job_level_historical_profile_forecasting
pred_000039,39,61.275,64,320,383.118127,cn,app_87,batch,job_level_historical_profile_forecasting
pred_000040,40,62.35833333,8,40,1465.683333,hn,app_62,batch,job_level_historical_profile_forecasting
pred_000041,41,64.825,192,937.5,3146.862072,cn,app_42,batch,job_level_historical_profile_forecasting
pred_000042,42,66.85833333,64,320,383.118127,cn,app_87,batch,job_level_historical_profile_forecasting
pred_000043,43,68.475,96,480,905.5,cn,app_13,batch,job_level_historical_profile_forecasting
pred_000044,44,68.55833333,8,40,16.051468,hn,app_6,interactive,job_level_historical_profile_forecasting
pred_000045,45,70.59166667,64,320,383.118127,cn,app_87,batch,job_level_historical_profile_forecasting
pred_000046,46,72.66666667,48,201,1470.527864,cn,app_0,batch,job_level_historical_profile_forecasting
pred_000047,47,74.74166667,48,201,1470.527864,cn,app_0,batch,job_level_historical_profile_forecasting
pred_000048,48,75.90833333,96,480,248.1666667,cn,app_18,batch,job_level_historical_profile_forecasting
pred_000049,49,76.94166667,96,480,366.1517245,cn,app_126,batch,job_level_historical_profile_forecasting
pred_000050,50,77.44166667,64,320,503.141734,cn,app_77,batch,job_level_historical_profile_forecasting
pred_000051,51,77.49166667,64,320,2.183333333,cn,app_130,interactive,job_level_historical_profile_forecasting
pred_000052,52,77.75833333,96,480,2.15,cn,app_151,interactive,job_level_historical_profile_forecasting
pred_000053,53,80.01666667,8,40,1281.898208,hn,app_23,batch,job_level_historical_profile_forecasting
pred_000054,54,80.93333333,64,320,141.8166667,cn,app_2,batch,job_level_historical_profile_forecasting
pred_000055,55,82.96666667,64,320,383.118127,cn,app_87,batch,job_level_historical_profile_forecasting
pred_000056,56,82.98333333,64,320,0.533333333,cn,app_154,interactive,job_level_historical_profile_forecasting
pred_000057,57,86.95,96,480,15.85,cn,app_136,interactive,job_level_historical_profile_forecasting
pred_000058,58,90.11666667,192,960,3937.156391,cn,app_35,batch,job_level_historical_profile_forecasting
pred_000059,59,92.15,64,320,383.118127,cn,app_87,batch,job_level_historical_profile_forecasting
pred_000060,60,94.9,8,40,326.5395775,hn,app_90,batch,job_level_historical_profile_forecasting
pred_000061,61,96.125,12,120,175.871842,hn,app_0,batch,job_level_historical_profile_forecasting
pred_000062,62,96.59166667,8,40,1363.861471,hn,app_137,batch,job_level_historical_profile_forecasting
pred_000063,63,98.23333333,64,320,1177.045792,cn,app_82,batch,job_level_historical_profile_forecasting
pred_000064,64,98.26666667,64,320,2.14003,cn,app_140,interactive,job_level_historical_profile_forecasting
pred_000065,65,98.95,8,40.75,11.75,hn,app_53,interactive,job_level_historical_profile_forecasting
pred_000066,66,98.96,8,40,44.043211,hn,app_151,interactive,job_level_historical_profile_forecasting
pred_000067,67,100.1766667,8,40,1352.653437,hn,app_19,batch,job_level_historical_profile_forecasting
pred_000068,68,101.21,96,480,366.1517245,cn,app_126,batch,job_level_historical_profile_forecasting
pred_000069,69,105.1766667,96,480,15.85,cn,app_136,interactive,job_level_historical_profile_forecasting
pred_000070,70,105.9933333,48,240,472.45,cn,app_14,batch,job_level_historical_profile_forecasting
pred_000071,71,108.0266667,64,320,383.118127,cn,app_87,batch,job_level_historical_profile_forecasting
pred_000072,72,108.56,64,320,541.9,cn,app_144,batch,job_level_historical_profile_forecasting
pred_000073,73,112.4766667,192,960,3049.733333,cn,app_45,batch,job_level_historical_profile_forecasting
pred_000074,74,113.7016667,12,120,175.871842,hn,app_0,batch,job_level_historical_profile_forecasting
pred_000075,75,115.3766667,12,120,30.0164295,hn,app_0,interactive,job_level_historical_profile_forecasting
pred_000076,76,117.41,64,320,383.118127,cn,app_87,batch,job_level_historical_profile_forecasting
pred_000077,77,120.1516667,192,960,10740.19296,cn,app_38,batch,job_level_historical_profile_forecasting
pred_000078,78,121.7683333,96,480,905.5,cn,app_13,batch,job_level_historical_profile_forecasting
pred_000079,79,123.8433333,48,201,1470.527864,cn,app_0,batch,job_level_historical_profile_forecasting
pred_000080,80,125.8766667,64,320,383.118127,cn,app_87,batch,job_level_historical_profile_forecasting
pred_000081,81,126.7933333,48,240,2510.048062,cn,app_75,batch,job_level_historical_profile_forecasting
pred_000082,82,129.06,64,320,1286.992189,cn,app_22,batch,job_level_historical_profile_forecasting
pred_000083,83,131.135,48,201,1470.527864,cn,app_0,batch,job_level_historical_profile_forecasting
pred_000084,84,131.435,8,40,1358.266667,hn,app_13,batch,job_level_historical_profile_forecasting
pred_000085,85,135.0933333,8,32,15.83345667,hn,app_136,interactive,job_level_historical_profile_forecasting
pred_000086,86,137.0266667,96,480,606.95,cn,app_19,batch,job_level_historical_profile_forecasting
pred_000087,87,139.06,64,320,383.118127,cn,app_87,batch,job_level_historical_profile_forecasting
pred_000088,88,141.0933333,64,320,383.118127,cn,app_87,batch,job_level_historical_profile_forecasting
pred_000089,89,141.1266667,64,320,2.14003,cn,app_140,interactive,job_level_historical_profile_forecasting
pred_000090,90,142.835,48,201.5,2.6081955,cn,app_0,interactive,job_level_historical_profile_forecasting
pred_000091,91,143.335,64,320,503.141734,cn,app_77,batch,job_level_historical_profile_forecasting
pred_000092,92,144.9516667,96,480,905.5,cn,app_13,batch,job_level_historical_profile_forecasting
pred_000093,93,144.9933333,8,32,1369.83056,hn,app_139,batch,job_level_historical_profile_forecasting
pred_000094,94,146.41,8,40,22.466825,hn,app_89,interactive,job_level_historical_profile_forecasting
pred_000095,95,146.4433333,64,320,2.14003,cn,app_140,interactive,job_level_historical_profile_forecasting
pred_000096,96,147.685,64,320,1064.717842,cn,app_115,batch,job_level_historical_profile_forecasting
pred_000097,97,148.6016667,64,320,141.8166667,cn,app_2,batch,job_level_historical_profile_forecasting
pred_000098,98,149.4183333,48,240,472.45,cn,app_14,batch,job_level_historical_profile_forecasting
pred_000099,99,152.4516667,8,40,0.1161565,hn,app_20,interactive,job_level_historical_profile_forecasting
pred_000100,100,155.4683333,192,960,45.65,cn,app_43,interactive,job_level_historical_profile_forecasting
pred_000101,101,157.185,96,480,799.8,cn,app_21,batch,job_level_historical_profile_forecasting
pred_000102,102,158.9433333,96,480,661.3597793,cn,app_94,batch,job_level_historical_profile_forecasting
pred_000103,103,159.5433333,96,480,33.32353667,cn,app_18,interactive,job_level_historical_profile_forecasting
pred_000104,104,161.4266667,48,240,1123.386001,cn,app_62,batch,job_level_historical_profile_forecasting
pred_000105,105,163.5016667,48,201,1470.527864,cn,app_0,batch,job_level_historical_profile_forecasting
pred_000106,106,164.6683333,96,480,248.1666667,cn,app_18,batch,job_level_historical_profile_forecasting
pred_000107,107,169.0516667,192,960,6062.333333,cn,app_44,batch,job_level_historical_profile_forecasting
pred_000108,108,170.085,96,480,366.1517245,cn,app_126,batch,job_level_historical_profile_forecasting
pred_000109,109,170.095,8,40,44.043211,hn,app_151,interactive,job_level_historical_profile_forecasting
pred_000110,110,171.995,96,480,185.886894,cn,app_47,batch,job_level_historical_profile_forecasting
pred_000111,111,172.1783333,8,40,60.2,hn,app_145,batch,job_level_historical_profile_forecasting
pred_000112,112,174.2116667,64,320,383.118127,cn,app_87,batch,job_level_historical_profile_forecasting
pred_000113,113,176.245,64,320,383.118127,cn,app_87,batch,job_level_historical_profile_forecasting
pred_000114,114,176.3116667,64,320,1152.9,cn,app_140,batch,job_level_historical_profile_forecasting
pred_000115,115,178.5783333,64,320,14.918514,cn,app_91,interactive,job_level_historical_profile_forecasting
pred_000116,116,179.545,64,320,2.166666667,cn,app_22,interactive,job_level_historical_profile_forecasting
pred_000117,117,180.5783333,96,480,366.1517245,cn,app_126,batch,job_level_historical_profile_forecasting
pred_000118,118,180.6116667,64,320,2.14003,cn,app_140,interactive,job_level_historical_profile_forecasting
pred_000119,119,182.5033333,8,40,37.66155917,hn,app_73,interactive,job_level_historical_profile_forecasting
pred_000120,120,185.67,192,960,3937.156391,cn,app_35,batch,job_level_historical_profile_forecasting
pred_000121,121,185.7033333,64,320,2.14003,cn,app_140,interactive,job_level_historical_profile_forecasting
pred_000122,122,187.4116667,48,201.5,2.6081955,cn,app_0,interactive,job_level_historical_profile_forecasting
pred_000123,123,188.1533333,8,40,968.6454562,hn,app_18,batch,job_level_historical_profile_forecasting
pred_000124,124,191.8116667,8,32,15.83345667,hn,app_136,interactive,job_level_historical_profile_forecasting
pred_000125,125,194.0783333,64,320,14.918514,cn,app_91,interactive,job_level_historical_profile_forecasting
pred_000126,126,195.9283333,96,480,2276.983333,cn,app_50,batch,job_level_historical_profile_forecasting
pred_000127,127,196.0033333,48,240,2.116666667,cn,app_123,interactive,job_level_historical_profile_forecasting
pred_000128,128,198.0366667,64,320,383.118127,cn,app_87,batch,job_level_historical_profile_forecasting
pred_000129,129,199.8866667,96,480,2276.983333,cn,app_50,batch,job_level_historical_profile_forecasting
pred_000130,130,202.92,8,40,0.1161565,hn,app_20,interactive,job_level_historical_profile_forecasting
pred_000131,131,203.1366667,48,240,198.244689,cn,app_123,batch,job_level_historical_profile_forecasting
pred_000132,132,206.2033333,8,40,29.727856,hn,app_86,interactive,job_level_historical_profile_forecasting
pred_000133,133,206.2783333,48,240,2.116666667,cn,app_123,interactive,job_level_historical_profile_forecasting
pred_000134,134,208.0033333,8,32,71.2048225,hn,app_136,batch,job_level_historical_profile_forecasting
pred_000135,135,209.9033333,96,480,185.886894,cn,app_47,batch,job_level_historical_profile_forecasting
pred_000136,136,211.5783333,96,480,901.225,cn,app_54,batch,job_level_historical_profile_forecasting
pred_000137,137,213.6116667,64,320,383.118127,cn,app_87,batch,job_level_historical_profile_forecasting
pred_000138,138,215.7783333,96,600,15.72538717,cn,app_107,interactive,job_level_historical_profile_forecasting
pred_000139,139,217.67,8,40,37.66155917,hn,app_73,interactive,job_level_historical_profile_forecasting
pred_000140,140,219.8366667,192,1000,699.3102478,cn,app_149,batch,job_level_historical_profile_forecasting
pred_000141,141,221.52,8,40,132.0666667,hn,app_89,batch,job_level_historical_profile_forecasting
pred_000142,142,221.8866667,64,320,2.1683685,cn,app_77,interactive,job_level_historical_profile_forecasting
pred_000143,143,221.9033333,8,40,19.18333333,hn,app_140,interactive,job_level_historical_profile_forecasting
pred_000144,144,223.9366667,64,320,383.118127,cn,app_87,batch,job_level_historical_profile_forecasting
pred_000145,145,226.2616667,64,320,566.0592945,cn,app_57,batch,job_level_historical_profile_forecasting
pred_000146,146,228.1616667,96,480,185.886894,cn,app_47,batch,job_level_historical_profile_forecasting
pred_000147,147,228.3783333,48,240,198.244689,cn,app_123,batch,job_level_historical_profile_forecasting
pred_000148,148,228.9116667,64,320,541.9,cn,app_144,batch,job_level_historical_profile_forecasting
pred_000149,149,231.6283333,8,40,247.85,hn,app_114,batch,job_level_historical_profile_forecasting
pred_000150,150,233.6616667,64,320,383.118127,cn,app_87,batch,job_level_historical_profile_forecasting
pred_000151,151,235.7366667,48,201,1470.527864,cn,app_0,batch,job_level_historical_profile_forecasting
pred_000152,152,237.6283333,8,40,37.66155917,hn,app_73,interactive,job_level_historical_profile_forecasting
pred_000153,153,237.8783333,96,480,2.2274025,cn,app_6,interactive,job_level_historical_profile_forecasting
pred_000154,154,239.5533333,12,120,30.0164295,hn,app_0,interactive,job_level_historical_profile_forecasting
pred_000155,155,240.82,64,320,867.55,cn,app_132,batch,job_level_historical_profile_forecasting
pred_000156,156,242.495,12,120,30.0164295,hn,app_0,interactive,job_level_historical_profile_forecasting
pred_000157,157,244.5283333,64,320,383.118127,cn,app_87,batch,job_level_historical_profile_forecasting
pred_000158,158,248.495,96,480,15.85,cn,app_136,interactive,job_level_historical_profile_forecasting
pred_000159,159,249.5783333,8,40,1465.683333,hn,app_62,batch,job_level_historical_profile_forecasting
pred_000160,160,249.5883333,8,40.5,326.8287208,hn,app_127,batch,job_level_historical_profile_forecasting
pred_000161,161,250.205,8,40,1669.879211,hn,app_28,batch,job_level_historical_profile_forecasting
pred_000162,162,251.8883333,8,40,132.0666667,hn,app_89,batch,job_level_historical_profile_forecasting
pred_000163,163,253.9633333,48,201,1470.527864,cn,app_0,batch,job_level_historical_profile_forecasting
pred_000164,164,256.4883333,8,40,107.264585,hn,app_86,batch,job_level_historical_profile_forecasting
pred_000165,165,258.5216667,64,320,383.118127,cn,app_87,batch,job_level_historical_profile_forecasting
pred_000166,166,262.4883333,96,480,15.85,cn,app_136,interactive,job_level_historical_profile_forecasting
pred_000167,167,262.5216667,64,320,2.14003,cn,app_140,interactive,job_level_historical_profile_forecasting
pred_000168,168,264.7966667,64,320,479.5596545,cn,app_69,batch,job_level_historical_profile_forecasting
pred_000169,169,267.5133333,8,40,247.85,hn,app_114,batch,job_level_historical_profile_forecasting
pred_000170,170,267.5233333,8,40,44.043211,hn,app_151,interactive,job_level_historical_profile_forecasting
pred_000171,171,268.84,8,40,1117.283333,hn,app_22,batch,job_level_historical_profile_forecasting
pred_000172,172,269.4483333,64,320,169.6333333,cn,app_27,batch,job_level_historical_profile_forecasting
pred_000173,173,271.1233333,12,120,30.0164295,hn,app_0,interactive,job_level_historical_profile_forecasting
pred_000174,174,272.04,64,320,141.8166667,cn,app_2,batch,job_level_historical_profile_forecasting
pred_000175,175,272.3733333,96,480,4.533333333,cn,app_19,interactive,job_level_historical_profile_forecasting
pred_000176,176,275.4066667,8,40,0.1161565,hn,app_20,interactive,job_level_historical_profile_forecasting
pred_000177,177,277.44,64,320,383.118127,cn,app_87,batch,job_level_historical_profile_forecasting
pred_000178,178,281.4066667,96,480,15.85,cn,app_136,interactive,job_level_historical_profile_forecasting
pred_000179,179,282.1233333,96,480,2.110837,cn,app_24,interactive,job_level_historical_profile_forecasting
pred_000180,180,284.1983333,48,201,1470.527864,cn,app_0,batch,job_level_historical_profile_forecasting
pred_000181,181,286.2316667,64,320,383.118127,cn,app_87,batch,job_level_historical_profile_forecasting
pred_000182,182,287.94,48,201.5,2.6081955,cn,app_0,interactive,job_level_historical_profile_forecasting
pred_000183,183,288.9733333,96,480,366.1517245,cn,app_126,batch,job_level_historical_profile_forecasting
pred_000184,184,289.7983333,64,320,2.15,cn,app_144,interactive,job_level_historical_profile_forecasting
pred_000185,185,291.865,8,40,1302.533333,hn,app_27,batch,job_level_historical_profile_forecasting
pred_000186,186,293.0316667,96,480,248.1666667,cn,app_18,batch,job_level_historical_profile_forecasting
pred_000187,187,293.5316667,64,320,503.141734,cn,app_77,batch,job_level_historical_profile_forecasting
pred_000188,188,293.615,8,40,16.051468,hn,app_6,interactive,job_level_historical_profile_forecasting
pred_000189,189,296.7816667,192,960,3937.156391,cn,app_35,batch,job_level_historical_profile_forecasting
pred_000190,190,297.2816667,64,320,503.141734,cn,app_77,batch,job_level_historical_profile_forecasting
pred_000191,191,298.5483333,64,320,867.55,cn,app_132,batch,job_level_historical_profile_forecasting
pred_000192,192,300.2233333,12,120,30.0164295,hn,app_0,interactive,job_level_historical_profile_forecasting
pred_000193,193,302.2983333,48,201,1470.527864,cn,app_0,batch,job_level_historical_profile_forecasting
pred_000194,194,302.7983333,64,320,503.141734,cn,app_77,batch,job_level_historical_profile_forecasting
pred_000195,195,302.815,8,40,19.18333333,hn,app_140,interactive,job_level_historical_profile_forecasting
pred_000196,196,304.0483333,96,480,1327.166667,cn,app_8,batch,job_level_historical_profile_forecasting
pred_000197,197,304.3816667,96,480,4.533333333,cn,app_19,interactive,job_level_historical_profile_forecasting
pred_000198,198,305.6983333,8,40,1117.283333,hn,app_22,batch,job_level_historical_profile_forecasting
pred_000199,199,307.7316667,64,320,383.118127,cn,app_87,batch,job_level_historical_profile_forecasting
pred_000200,200,309.0316667,64,320,39.78028867,cn,app_89,interactive,job_level_historical_profile_forecasting
pred_000201,201,311.065,64,320,383.118127,cn,app_87,batch,job_level_historical_profile_forecasting
pred_000202,202,311.0983333,64,320,2.14003,cn,app_140,interactive,job_level_historical_profile_forecasting
pred_000203,203,311.6983333,96,480,33.32353667,cn,app_18,interactive,job_level_historical_profile_forecasting
pred_000204,204,313.3816667,8,40,132.0666667,hn,app_89,batch,job_level_historical_profile_forecasting
pred_000205,205,313.6066667,96,480,5.9282175,cn,app_152,interactive,job_level_historical_profile_forecasting
pred_000206,206,315.64,64,320,383.118127,cn,app_87,batch,job_level_historical_profile_forecasting
pred_000207,207,316.6066667,64,320,2.166666667,cn,app_22,interactive,job_level_historical_profile_forecasting
pred_000208,208,319.1233333,96,480,2.233333333,cn,app_21,interactive,job_level_historical_profile_forecasting
pred_000209,209,320.04,48,240,2510.048062,cn,app_75,batch,job_level_historical_profile_forecasting
pred_000210,210,323.2066667,192,960,3937.156391,cn,app_35,batch,job_level_historical_profile_forecasting
pred_000211,211,323.4233333,48,240,198.244689,cn,app_123,batch,job_level_historical_profile_forecasting
pred_000212,212,323.6066667,8,40,60.2,hn,app_145,batch,job_level_historical_profile_forecasting
pred_000213,213,324.3566667,64,320,100.3037555,cn,app_89,batch,job_level_historical_profile_forecasting
pred_000214,214,326.39,64,320,383.118127,cn,app_87,batch,job_level_historical_profile_forecasting
pred_000215,215,327.14,64,320,100.3037555,cn,app_89,batch,job_level_historical_profile_forecasting
pred_000216,216,330.2066667,8,40,29.727856,hn,app_86,interactive,job_level_historical_profile_forecasting
pred_000217,217,333.3066667,96,480,680.2970972,cn,app_37,batch,job_level_historical_profile_forecasting
pred_000218,218,334.4733333,96,480,248.1666667,cn,app_18,batch,job_level_historical_profile_forecasting
pred_000219,219,335.39,64,320,141.8166667,cn,app_2,batch,job_level_historical_profile_forecasting
pred_000220,220,336.5566667,96,480,248.1666667,cn,app_18,batch,job_level_historical_profile_forecasting
pred_000221,221,338.5483333,64,320,292.914457,cn,app_52,batch,job_level_historical_profile_forecasting
pred_000222,222,338.765,48,240,198.244689,cn,app_123,batch,job_level_historical_profile_forecasting
pred_000223,223,340.84,48,201,1470.527864,cn,app_0,batch,job_level_historical_profile_forecasting
pred_000224,224,341.6733333,64,320,2.183333333,cn,app_27,interactive,job_level_historical_profile_forecasting
pred_000225,225,343.3066667,96,480,5209.216667,cn,app_135,batch,job_level_historical_profile_forecasting
pred_000226,226,344.265,48,240,10.629172,cn,app_30,interactive,job_level_historical_profile_forecasting
pred_000227,227,346.2566667,64,320,292.914457,cn,app_52,batch,job_level_historical_profile_forecasting
pred_000228,228,346.74,8,40,1019.235863,hn,app_38,batch,job_level_historical_profile_forecasting
pred_000229,229,349.7733333,8,40,0.1161565,hn,app_20,interactive,job_level_historical_profile_forecasting
pred_000230,230,350.7233333,96,480,1627.963372,cn,app_34,batch,job_level_historical_profile_forecasting
pred_000231,231,352.6566667,96,480,606.95,cn,app_19,batch,job_level_historical_profile_forecasting
pred_000232,232,357.04,192,960,6062.333333,cn,app_44,batch,job_level_historical_profile_forecasting
pred_000233,233,359.0733333,64,320,383.118127,cn,app_87,batch,job_level_historical_profile_forecasting
pred_000234,234,363.065,8,40,1459.762741,hn,app_26,batch,job_level_historical_profile_forecasting
pred_000235,235,363.3316667,96,480,2.15,cn,app_151,interactive,job_level_historical_profile_forecasting
pred_000236,236,364.365,96,480,366.1517245,cn,app_126,batch,job_level_historical_profile_forecasting
pred_000237,237,365.0316667,8,40,1803.126885,hn,app_138,batch,job_level_historical_profile_forecasting
pred_000238,238,365.7816667,64,320,100.3037555,cn,app_89,batch,job_level_historical_profile_forecasting
pred_000239,239,367.815,64,320,383.118127,cn,app_87,batch,job_level_historical_profile_forecasting
pred_000240,240,369.7483333,96,480,606.95,cn,app_19,batch,job_level_historical_profile_forecasting
pred_000241,241,371.7816667,64,320,383.118127,cn,app_87,batch,job_level_historical_profile_forecasting
pred_000242,242,373.4233333,64,320,1177.045792,cn,app_82,batch,job_level_historical_profile_forecasting
pred_000243,243,375.4566667,64,320,383.118127,cn,app_87,batch,job_level_historical_profile_forecasting
pred_000244,244,377.39,96,480,606.95,cn,app_19,batch,job_level_historical_profile_forecasting
pred_000245,245,379.4483333,96,480,729.4916667,cn,app_28,batch,job_level_historical_profile_forecasting
pred_000246,246,379.9483333,64,320,503.141734,cn,app_77,batch,job_level_historical_profile_forecasting
pred_000247,247,380.3983333,8,16,13137.65425,hn,app_100,batch,job_level_historical_profile_forecasting
pred_000248,248,382.1566667,96,480,661.3597793,cn,app_94,batch,job_level_historical_profile_forecasting
pred_000249,249,383.7566667,64,320,143.0061695,cn,app_20,batch,job_level_historical_profile_forecasting
pred_000250,250,387.065,96,480,1452.045186,cn,app_39,batch,job_level_historical_profile_forecasting
pred_000251,251,388.2483333,8,40,1218.633333,hn,app_37,batch,job_level_historical_profile_forecasting
pred_000252,252,390.3233333,48,201,1470.527864,cn,app_0,batch,job_level_historical_profile_forecasting
pred_000253,253,390.7816667,8,40,115.8583333,hn,app_53,batch,job_level_historical_profile_forecasting
pred_000254,254,391.315,64,320,541.9,cn,app_144,batch,job_level_historical_profile_forecasting
pred_000255,255,393.0316667,96,480,799.8,cn,app_21,batch,job_level_historical_profile_forecasting
pred_000256,256,395.065,64,320,383.118127,cn,app_87,batch,job_level_historical_profile_forecasting
pred_000257,257,397.0983333,64,320,383.118127,cn,app_87,batch,job_level_historical_profile_forecasting
pred_000258,258,398.015,64,320,141.8166667,cn,app_2,batch,job_level_historical_profile_forecasting
pred_000259,259,400.09,48,201,1470.527864,cn,app_0,batch,job_level_historical_profile_forecasting
pred_000260,260,401.0066667,48,240,2510.048062,cn,app_75,batch,job_level_historical_profile_forecasting
pred_000261,261,403.04,64,320,383.118127,cn,app_87,batch,job_level_historical_profile_forecasting
pred_000262,262,405.2983333,8,40,1281.898208,hn,app_23,batch,job_level_historical_profile_forecasting
pred_000263,263,405.3083333,8,40,44.043211,hn,app_151,interactive,job_level_historical_profile_forecasting
pred_000264,264,406.1416667,64,320,2.183333333,cn,app_27,interactive,job_level_historical_profile_forecasting
pred_000265,265,409.3833333,48,240,1338.292103,cn,app_30,batch,job_level_historical_profile_forecasting
pred_000266,266,410.2,48,240,472.45,cn,app_14,batch,job_level_historical_profile_forecasting
pred_000267,267,411.3666667,96,480,248.1666667,cn,app_18,batch,job_level_historical_profile_forecasting
pred_000268,268,414.4333333,8,40,29.727856,hn,app_86,interactive,job_level_historical_profile_forecasting
pred_000269,269,415.6833333,64,500,162.8166667,cn,app_109,batch,job_level_historical_profile_forecasting
pred_000270,270,417.5666667,48,240,1123.386001,cn,app_62,batch,job_level_historical_profile_forecasting
pred_000271,271,421.95,192,960,6062.333333,cn,app_44,batch,job_level_historical_profile_forecasting
pred_000272,272,425.4666667,64,320,168.134657,cn,app_53,batch,job_level_historical_profile_forecasting
pred_000273,273,426.6333333,96,480,248.1666667,cn,app_18,batch,job_level_historical_profile_forecasting
pred_000274,274,426.95,8,40,12.70342167,hn,app_27,interactive,job_level_historical_profile_forecasting
pred_000275,275,430.6083333,8,32,15.83345667,hn,app_136,interactive,job_level_historical_profile_forecasting
pred_000276,276,432.775,96,600,15.72538717,cn,app_107,interactive,job_level_historical_profile_forecasting
pred_000277,277,433.575,8,16,58.75,hn,app_21,interactive,job_level_historical_profile_forecasting
pred_000278,278,433.9416667,96,480,162.0166667,cn,app_152,batch,job_level_historical_profile_forecasting
pred_000279,279,436.975,8,40,0.1161565,hn,app_20,interactive,job_level_historical_profile_forecasting
pred_000280,280,438.0583333,8,40,1465.683333,hn,app_62,batch,job_level_historical_profile_forecasting
pred_000281,281,438.8583333,8,50,79.58333333,hn,app_150,batch,job_level_historical_profile_forecasting
pred_000282,282,440.1083333,96,470,12.56666667,cn,app_126,interactive,job_level_historical_profile_forecasting
pred_000283,283,440.925,48,240,472.45,cn,app_14,batch,job_level_historical_profile_forecasting
pred_000284,284,444.1666667,48,240,1338.292103,cn,app_30,batch,job_level_historical_profile_forecasting
pred_000285,285,447.3333333,192,960,3937.156391,cn,app_35,batch,job_level_historical_profile_forecasting
pred_000286,286,447.8333333,64,320,503.141734,cn,app_77,batch,job_level_historical_profile_forecasting
pred_000287,287,449.7333333,96,480,185.886894,cn,app_47,batch,job_level_historical_profile_forecasting
pred_000288,288,451.4416667,48,201.5,2.6081955,cn,app_0,interactive,job_level_historical_profile_forecasting
pred_000289,289,453.475,64,320,383.118127,cn,app_87,batch,job_level_historical_profile_forecasting
pred_000290,290,453.5083333,64,320,2.14003,cn,app_140,interactive,job_level_historical_profile_forecasting
pred_000291,291,456.225,8,40,247.85,hn,app_114,batch,job_level_historical_profile_forecasting
pred_000292,292,457.2583333,96,480,366.1517245,cn,app_126,batch,job_level_historical_profile_forecasting
pred_000293,293,459.2916667,64,320,383.118127,cn,app_87,batch,job_level_historical_profile_forecasting
pred_000294,294,461.225,96,480,606.95,cn,app_19,batch,job_level_historical_profile_forecasting
pred_000295,295,461.4416667,48,240,198.244689,cn,app_123,batch,job_level_historical_profile_forecasting
pred_000296,296,462.2583333,48,240,472.45,cn,app_14,batch,job_level_historical_profile_forecasting
pred_000297,297,463.425,96,480,248.1666667,cn,app_18,batch,job_level_historical_profile_forecasting
pred_000298,298,464.2166667,48,240,2.225316333,cn,app_75,interactive,job_level_historical_profile_forecasting
pred_000299,299,465.1333333,64,320,141.8166667,cn,app_2,batch,job_level_historical_profile_forecasting
pred_000300,300,467.1666667,64,320,383.118127,cn,app_87,batch,job_level_historical_profile_forecasting
pred_000301,301,467.2166667,64,320,2.183333333,cn,app_130,interactive,job_level_historical_profile_forecasting
pred_000302,302,469.25,64,320,383.118127,cn,app_87,batch,job_level_historical_profile_forecasting
pred_000303,303,469.75,64,320,503.141734,cn,app_77,batch,job_level_historical_profile_forecasting
pred_000304,304,470.9166667,96,480,248.1666667,cn,app_18,batch,job_level_historical_profile_forecasting
pred_000305,305,472.95,64,320,383.118127,cn,app_87,batch,job_level_historical_profile_forecasting
pred_000306,306,473.9833333,96,480,366.1517245,cn,app_126,batch,job_level_historical_profile_forecasting
pred_000307,307,474.5833333,96,480,33.32353667,cn,app_18,interactive,job_level_historical_profile_forecasting
pred_000308,308,475.8833333,64,320,2.185042667,cn,app_2,interactive,job_level_historical_profile_forecasting
pred_000309,309,483.2666667,64,390,185.6767583,cn,app_66,batch,job_level_historical_profile_forecasting
pred_000310,310,483.3,64,320,2.14003,cn,app_140,interactive,job_level_historical_profile_forecasting
pred_000311,311,484.7166667,8,40,9350.3,hn,app_87,batch,job_level_historical_profile_forecasting
pred_000312,312,487.8833333,192,960,3937.156391,cn,app_35,batch,job_level_historical_profile_forecasting
pred_000313,313,489.9,96,480,31.472765,cn,app_37,interactive,job_level_historical_profile_forecasting
pred_000314,314,493,96,480,680.2970972,cn,app_37,batch,job_level_historical_profile_forecasting
pred_000315,315,493.3666667,96,480,162.0166667,cn,app_152,batch,job_level_historical_profile_forecasting
pred_000316,316,495.4416667,48,201,1470.527864,cn,app_0,batch,job_level_historical_profile_forecasting
pred_000317,317,497.5166667,48,201,1470.527864,cn,app_0,batch,job_level_historical_profile_forecasting
pred_000318,318,499.1333333,96,480,905.5,cn,app_13,batch,job_level_historical_profile_forecasting
pred_000319,319,500.05,64,320,141.8166667,cn,app_2,batch,job_level_historical_profile_forecasting
pred_000320,320,501.275,12,120,175.871842,hn,app_0,batch,job_level_historical_profile_forecasting
pred_000321,321,503.35,48,201,1470.527864,cn,app_0,batch,job_level_historical_profile_forecasting
pred_000322,322,505.3833333,64,320,383.118127,cn,app_87,batch,job_level_historical_profile_forecasting
pred_000323,323,507.4166667,64,320,383.118127,cn,app_87,batch,job_level_historical_profile_forecasting
pred_000324,324,509.45,64,320,383.118127,cn,app_87,batch,job_level_historical_profile_forecasting
pred_000325,325,511.4833333,64,320,383.118127,cn,app_87,batch,job_level_historical_profile_forecasting
pred_000326,326,514.2,8,40,247.85,hn,app_114,batch,job_level_historical_profile_forecasting
pred_000327,327,514.9333333,48,400,629.435338,cn,app_68,batch,job_level_historical_profile_forecasting
pred_000328,328,515.85,64,320,141.8166667,cn,app_2,batch,job_level_historical_profile_forecasting
pred_000329,329,519.0916667,48,240,1338.292103,cn,app_30,batch,job_level_historical_profile_forecasting
pred_000330,330,522.3333333,48,240,1338.292103,cn,app_30,batch,job_level_historical_profile_forecasting
pred_000331,331,524.3666667,64,320,383.118127,cn,app_87,batch,job_level_historical_profile_forecasting
pred_000332,332,526.4,64,320,383.118127,cn,app_87,batch,job_level_historical_profile_forecasting
pred_000333,333,529.1166667,8,40,247.85,hn,app_114,batch,job_level_historical_profile_forecasting
pred_000334,334,533.0833333,96,480,15.85,cn,app_136,interactive,job_level_historical_profile_forecasting
pred_000335,335,533.5833333,64,320,128.2588207,cn,app_145,batch,job_level_historical_profile_forecasting
pred_000336,336,535.85,64,320,14.918514,cn,app_91,interactive,job_level_historical_profile_forecasting
pred_000337,337,537.8833333,64,320,383.118127,cn,app_87,batch,job_level_historical_profile_forecasting
pred_000338,338,539.5,96,480,905.5,cn,app_13,batch,job_level_historical_profile_forecasting
pred_000339,339,539.8666667,96,480,162.0166667,cn,app_152,batch,job_level_historical_profile_forecasting
pred_000340,340,540.3666667,64,320,503.141734,cn,app_77,batch,job_level_historical_profile_forecasting
pred_000341,341,543.0833333,8,40,247.85,hn,app_114,batch,job_level_historical_profile_forecasting
pred_000342,342,544.3083333,12,120,175.871842,hn,app_0,batch,job_level_historical_profile_forecasting
pred_000343,343,546.3416667,64,320,383.118127,cn,app_87,batch,job_level_historical_profile_forecasting
pred_000344,344,546.7083333,64,320,2.1683685,cn,app_77,interactive,job_level_historical_profile_forecasting
pred_000345,345,547.0083333,8,40,1358.266667,hn,app_13,batch,job_level_historical_profile_forecasting
pred_000346,346,549.5916667,96,640,1287.074108,cn,app_41,batch,job_level_historical_profile_forecasting
pred_000347,347,550.8583333,64,320,867.55,cn,app_132,batch,job_level_historical_profile_forecasting
pred_000348,348,552.0833333,8,32,44.347422,hn,app_78,interactive,job_level_historical_profile_forecasting
pred_000349,349,554.6083333,8,40,107.264585,hn,app_86,batch,job_level_historical_profile_forecasting
pred_000350,350,556.2833333,96,480,901.225,cn,app_54,batch,job_level_historical_profile_forecasting
pred_000351,351,557.9583333,96,480,901.225,cn,app_54,batch,job_level_historical_profile_forecasting
pred_000352,352,559.1916667,96,480,1327.166667,cn,app_8,batch,job_level_historical_profile_forecasting
pred_000353,353,561.225,64,320,383.118127,cn,app_87,batch,job_level_historical_profile_forecasting
pred_000354,354,563.2583333,64,320,383.118127,cn,app_87,batch,job_level_historical_profile_forecasting
pred_000355,355,564.425,96,480,248.1666667,cn,app_18,batch,job_level_historical_profile_forecasting
pred_000356,356,566.95,8,40,107.264585,hn,app_86,batch,job_level_historical_profile_forecasting
pred_000357,357,568.2,96,470,12.56666667,cn,app_126,interactive,job_level_historical_profile_forecasting
pred_000358,358,569.3833333,8,40,1218.633333,hn,app_37,batch,job_level_historical_profile_forecasting
pred_000359,359,569.4166667,64,320,2.14003,cn,app_140,interactive,job_level_historical_profile_forecasting
pred_000360,360,571.35,96,480,606.95,cn,app_19,batch,job_level_historical_profile_forecasting
pred_000361,361,571.3633333,8,16,12.33561,hn,app_123,interactive,job_level_historical_profile_forecasting
pred_000362,362,574.38,8,16,116.352423,hn,app_60,batch,job_level_historical_profile_forecasting
pred_000363,363,574.9883333,64,320,169.6333333,cn,app_27,batch,job_level_historical_profile_forecasting
pred_000364,364,576.0216667,96,480,366.1517245,cn,app_126,batch,job_level_historical_profile_forecasting
pred_000365,365,576.5216667,64,320,128.2588207,cn,app_145,batch,job_level_historical_profile_forecasting
pred_000366,366,577.6883333,96,480,248.1666667,cn,app_18,batch,job_level_historical_profile_forecasting
pred_000367,367,577.6983333,8,40,44.043211,hn,app_151,interactive,job_level_historical_profile_forecasting
pred_000368,368,578.2983333,96,480,33.32353667,cn,app_18,interactive,job_level_historical_profile_forecasting
pred_000369,369,580.3316667,64,320,383.118127,cn,app_87,batch,job_level_historical_profile_forecasting
pred_000370,370,581.5816667,96,470,12.56666667,cn,app_126,interactive,job_level_historical_profile_forecasting
pred_000371,371,582.9983333,64,320,1130.05,cn,app_88,batch,job_level_historical_profile_forecasting
pred_000372,372,583.0316667,64,320,2.14003,cn,app_140,interactive,job_level_historical_profile_forecasting
pred_000373,373,584.2983333,64,320,867.55,cn,app_132,batch,job_level_historical_profile_forecasting
pred_000374,374,584.3483333,64,320,2.183333333,cn,app_130,interactive,job_level_historical_profile_forecasting
pred_000375,375,585.7983333,64,320,16.56666667,cn,app_87,interactive,job_level_historical_profile_forecasting
pred_000376,376,589.765,96,480,15.85,cn,app_136,interactive,job_level_historical_profile_forecasting
pred_000377,377,591.515,64,320,114.7,cn,app_127,batch,job_level_historical_profile_forecasting
pred_000378,378,591.5483333,64,320,2.14003,cn,app_140,interactive,job_level_historical_profile_forecasting
pred_000379,379,593.915,48,300,1242.565681,cn,app_26,batch,job_level_historical_profile_forecasting
pred_000380,380,596.0483333,96,478.5,1543.666667,cn,app_97,batch,job_level_historical_profile_forecasting
pred_000381,381,599.9483333,96,480,43.215779,cn,app_47,interactive,job_level_historical_profile_forecasting
pred_000382,382,601.115,96,480,248.1666667,cn,app_18,batch,job_level_historical_profile_forecasting
pred_000383,383,601.4816667,64,320,2.1683685,cn,app_77,interactive,job_level_historical_profile_forecasting
pred_000384,384,602.2983333,48,240,472.45,cn,app_14,batch,job_level_historical_profile_forecasting
pred_000385,385,603.94,64,320,1177.045792,cn,app_82,batch,job_level_historical_profile_forecasting
pred_000386,386,605.84,96,480,185.886894,cn,app_47,batch,job_level_historical_profile_forecasting
pred_000387,387,607.915,48,201,1470.527864,cn,app_0,batch,job_level_historical_profile_forecasting
pred_000388,388,608.6483333,8,40,4.697464167,hn,app_24,interactive,job_level_historical_profile_forecasting
pred_000389,389,610.9316667,64,320,7635.117823,cn,app_91,batch,job_level_historical_profile_forecasting
pred_000390,390,612.965,64,320,383.118127,cn,app_87,batch,job_level_historical_profile_forecasting
pred_000391,391,613.215,96,480,1328.670202,cn,app_139,batch,job_level_historical_profile_forecasting
pred_000392,392,615.2483333,64,320,383.118127,cn,app_87,batch,job_level_historical_profile_forecasting
pred_000393,393,615.6066667,8,16,166.756695,hn,app_3,batch,job_level_historical_profile_forecasting
pred_000394,394,617.6816667,48,201,1470.527864,cn,app_0,batch,job_level_historical_profile_forecasting
pred_000395,395,621.5816667,96,480,43.215779,cn,app_47,interactive,job_level_historical_profile_forecasting
pred_000396,396,623.615,64,320,383.118127,cn,app_87,batch,job_level_historical_profile_forecasting
pred_000397,397,624.5316667,64,320,141.8166667,cn,app_2,batch,job_level_historical_profile_forecasting
pred_000398,398,626.1483333,96,480,905.5,cn,app_13,batch,job_level_historical_profile_forecasting
pred_000399,399,627.065,64,320,141.8166667,cn,app_2,batch,job_level_historical_profile_forecasting
pred_000400,400,627.4816667,8,40,2843.035637,hn,app_93,batch,job_level_historical_profile_forecasting
pred_000401,401,628.9983333,64,320,870.752599,cn,app_99,batch,job_level_historical_profile_forecasting
pred_000402,402,629.215,48,240,198.244689,cn,app_123,batch,job_level_historical_profile_forecasting
pred_000403,403,629.5816667,64,320,2.1683685,cn,app_77,interactive,job_level_historical_profile_forecasting
pred_000404,404,629.7983333,48,240,198.244689,cn,app_123,batch,job_level_historical_profile_forecasting
pred_000405,405,632.065,64,320,14.918514,cn,app_91,interactive,job_level_historical_profile_forecasting
pred_000406,406,632.0983333,64,320,2.14003,cn,app_140,interactive,job_level_historical_profile_forecasting
pred_000407,407,632.315,48,240,198.244689,cn,app_123,batch,job_level_historical_profile_forecasting
pred_000408,408,634.2483333,96,480,606.95,cn,app_19,batch,job_level_historical_profile_forecasting
pred_000409,409,635.8483333,64,320,143.0061695,cn,app_20,batch,job_level_historical_profile_forecasting
pred_000410,410,637.6983333,96,480,2276.983333,cn,app_50,batch,job_level_historical_profile_forecasting
pred_000411,411,639.7316667,64,320,383.118127,cn,app_87,batch,job_level_historical_profile_forecasting
pred_000412,412,642.4983333,8,16,1.6,hn,app_102,interactive,job_level_historical_profile_forecasting
pred_000413,413,643.915,8,40,22.466825,hn,app_89,interactive,job_level_historical_profile_forecasting
pred_000414,414,645.9483333,64,320,383.118127,cn,app_87,batch,job_level_historical_profile_forecasting
pred_000415,415,647.8483333,96,480,185.886894,cn,app_47,batch,job_level_historical_profile_forecasting
pred_000416,416,649.7483333,96,480,185.886894,cn,app_47,batch,job_level_historical_profile_forecasting
pred_000417,417,651.7816667,64,320,383.118127,cn,app_87,batch,job_level_historical_profile_forecasting
pred_000418,418,653.015,48,300,198.596669,cn,app_141,batch,job_level_historical_profile_forecasting
pred_000419,419,655.09,48,201,1470.527864,cn,app_0,batch,job_level_historical_profile_forecasting
pred_000420,420,656.99,96,480,185.886894,cn,app_47,batch,job_level_historical_profile_forecasting
pred_000421,421,657.4733333,8,40,121.6349767,hn,app_46,batch,job_level_historical_profile_forecasting
pred_000422,422,659.1816667,48,201.5,2.6081955,cn,app_0,interactive,job_level_historical_profile_forecasting
pred_000423,423,659.6816667,64,320,503.141734,cn,app_77,batch,job_level_historical_profile_forecasting
pred_000424,424,661.715,64,320,383.118127,cn,app_87,batch,job_level_historical_profile_forecasting
pred_000425,425,663.1316667,64,320,1130.05,cn,app_88,batch,job_level_historical_profile_forecasting
pred_000426,426,666.1483333,8,16,116.352423,hn,app_60,batch,job_level_historical_profile_forecasting
pred_000427,427,667.0983333,16,80,1496.72941,hn,app_126,batch,job_level_historical_profile_forecasting
pred_000428,428,668.74,64,320,1177.045792,cn,app_82,batch,job_level_historical_profile_forecasting
pred_000429,429,670.7733333,64,320,383.118127,cn,app_87,batch,job_level_historical_profile_forecasting
pred_000430,430,671.69,64,320,141.8166667,cn,app_2,batch,job_level_historical_profile_forecasting
pred_000431,431,672.04,64,320,2.116666667,cn,app_145,interactive,job_level_historical_profile_forecasting
pred_000432,432,674.1066667,8,40,1302.533333,hn,app_27,batch,job_level_historical_profile_forecasting
pred_000433,433,676.14,64,320,383.118127,cn,app_87,batch,job_level_historical_profile_forecasting
pred_000434,434,680.29,12,40,75.424724,hn,app_107,batch,job_level_historical_profile_forecasting
pred_000435,435,680.79,64,320,503.141734,cn,app_77,batch,job_level_historical_profile_forecasting
pred_000436,436,681.7066667,64,320,141.8166667,cn,app_2,batch,job_level_historical_profile_forecasting
pred_000437,437,682.3566667,8,40,295.632948,hn,app_41,batch,job_level_historical_profile_forecasting
pred_000438,438,682.44,8,40,16.051468,hn,app_6,interactive,job_level_historical_profile_forecasting
pred_000439,439,684.4983333,96,480,729.4916667,cn,app_28,batch,job_level_historical_profile_forecasting
pred_000440,440,686.5733333,48,201,1470.527864,cn,app_0,batch,job_level_historical_profile_forecasting
pred_000441,441,686.6233333,64,320,2.183333333,cn,app_130,interactive,job_level_historical_profile_forecasting
pred_000442,442,688.5566667,96,480,606.95,cn,app_19,batch,job_level_historical_profile_forecasting
pred_000443,443,688.7733333,48,240,198.244689,cn,app_123,batch,job_level_historical_profile_forecasting
pred_000444,444,688.8233333,8,50,0.183333333,hn,app_76,interactive,job_level_historical_profile_forecasting
pred_000445,445,689.74,64,320,141.8166667,cn,app_2,batch,job_level_historical_profile_forecasting
pred_000446,446,692.7733333,8,40,0.1161565,hn,app_20,interactive,job_level_historical_profile_forecasting
pred_000447,447,693.3066667,64,320,541.9,cn,app_144,batch,job_level_historical_profile_forecasting
pred_000448,448,695.24,96,480,606.95,cn,app_19,batch,job_level_historical_profile_forecasting
pred_000449,449,695.2733333,64,320,2.14003,cn,app_140,interactive,job_level_historical_profile_forecasting
pred_000450,450,697.8566667,96,640,1287.074108,cn,app_41,batch,job_level_historical_profile_forecasting
pred_000451,451,697.9066667,64,320,2.183333333,cn,app_130,interactive,job_level_historical_profile_forecasting
pred_000452,452,699.8733333,48,240,2.248234,cn,app_62,interactive,job_level_historical_profile_forecasting
pred_000453,453,701.89,96,480,31.472765,cn,app_37,interactive,job_level_historical_profile_forecasting
pred_000454,454,702.1066667,48,240,198.244689,cn,app_123,batch,job_level_historical_profile_forecasting
pred_000455,455,703.815,48,201.5,2.6081955,cn,app_0,interactive,job_level_historical_profile_forecasting
pred_000456,456,703.9483333,8,40,58.475,hn,app_144,interactive,job_level_historical_profile_forecasting
pred_000457,457,705.865,12,40,16.236778,hn,app_107,interactive,job_level_historical_profile_forecasting
pred_000458,458,706.8983333,96,480,366.1517245,cn,app_126,batch,job_level_historical_profile_forecasting
pred_000459,459,708.9316667,64,320,383.118127,cn,app_87,batch,job_level_historical_profile_forecasting
pred_000460,460,711.965,8,40,0.1161565,hn,app_20,interactive,job_level_historical_profile_forecasting
pred_000461,461,713.865,96,480,185.886894,cn,app_47,batch,job_level_historical_profile_forecasting
pred_000462,462,715.5816667,96,480,799.8,cn,app_21,batch,job_level_historical_profile_forecasting
pred_000463,463,717.265,8,40,132.0666667,hn,app_89,batch,job_level_historical_profile_forecasting
pred_000464,464,718.2983333,96,480,366.1517245,cn,app_126,batch,job_level_historical_profile_forecasting
pred_000465,465,719.94,64,320,1177.045792,cn,app_82,batch,job_level_historical_profile_forecasting
pred_000466,466,721.5816667,64,320,1177.045792,cn,app_82,batch,job_level_historical_profile_forecasting
pred_000467,467,722.6983333,96,480,363.2666667,cn,app_146,batch,job_level_historical_profile_forecasting
pred_000468,468,724.7316667,64,320,383.118127,cn,app_87,batch,job_level_historical_profile_forecasting
pred_000469,469,726.8066667,48,201,1470.527864,cn,app_0,batch,job_level_historical_profile_forecasting
pred_000470,470,729.2733333,192,937.5,3146.862072,cn,app_42,batch,job_level_historical_profile_forecasting
pred_000471,471,730.7233333,64,320,16.56666667,cn,app_87,interactive,job_level_historical_profile_forecasting
pred_000472,472,731.2566667,64,320,541.9,cn,app_144,batch,job_level_historical_profile_forecasting
pred_000473,473,731.5066667,96,480,2.2274025,cn,app_6,interactive,job_level_historical_profile_forecasting
pred_000474,474,732.1066667,96,480,33.32353667,cn,app_18,interactive,job_level_historical_profile_forecasting
pred_000475,475,733.14,96,480,366.1517245,cn,app_126,batch,job_level_historical_profile_forecasting
pred_000476,476,735.0733333,96,480,606.95,cn,app_19,batch,job_level_historical_profile_forecasting
pred_000477,477,737.2316667,96,480,26.52528367,cn,app_50,interactive,job_level_historical_profile_forecasting
pred_000478,478,738.5316667,64,320,39.78028867,cn,app_89,interactive,job_level_historical_profile_forecasting
pred_000479,479,739.765,48,300,198.596669,cn,app_141,batch,job_level_historical_profile_forecasting
pred_000480,480,740.99,12,120,175.871842,hn,app_0,batch,job_level_historical_profile_forecasting
pred_000481,481,743.0233333,64,320,383.118127,cn,app_87,batch,job_level_historical_profile_forecasting
pred_000482,482,744.6983333,12,120,30.0164295,hn,app_0,interactive,job_level_historical_profile_forecasting
pred_000483,483,746.2816667,16,80,1878.114273,hn,app_125,batch,job_level_historical_profile_forecasting
pred_000484,484,747.0983333,48,240,472.45,cn,app_14,batch,job_level_historical_profile_forecasting
pred_000485,485,747.3233333,96,480,5.9282175,cn,app_152,interactive,job_level_historical_profile_forecasting
pred_000486,486,749.3566667,64,320,383.118127,cn,app_87,batch,job_level_historical_profile_forecasting
pred_000487,487,749.44,8,40,16.051468,hn,app_6,interactive,job_level_historical_profile_forecasting
pred_000488,488,750.6066667,96,480,248.1666667,cn,app_18,batch,job_level_historical_profile_forecasting
pred_000489,489,750.6316667,8,40,1134.024039,hn,app_141,batch,job_level_historical_profile_forecasting
pred_000490,490,752.665,64,320,383.118127,cn,app_87,batch,job_level_historical_profile_forecasting
pred_000491,491,754.6983333,64,320,383.118127,cn,app_87,batch,job_level_historical_profile_forecasting
pred_000492,492,756.7316667,64,320,383.118127,cn,app_87,batch,job_level_historical_profile_forecasting
pred_000493,493,758.665,96,480,606.95,cn,app_19,batch,job_level_historical_profile_forecasting
pred_000494,494,759.4816667,48,240,472.45,cn,app_14,batch,job_level_historical_profile_forecasting
pred_000495,495,760.715,48,300,198.596669,cn,app_141,batch,job_level_historical_profile_forecasting
pred_000496,496,762.7733333,96,480,729.4916667,cn,app_28,batch,job_level_historical_profile_forecasting
pred_000497,497,766.74,96,480,15.85,cn,app_136,interactive,job_level_historical_profile_forecasting
pred_000498,498,768.415,96,480,901.225,cn,app_54,batch,job_level_historical_profile_forecasting
pred_000499,499,770.0316667,96,480,905.5,cn,app_13,batch,job_level_historical_profile_forecasting
pred_000500,500,770.3983333,96,480,162.0166667,cn,app_152,batch,job_level_historical_profile_forecasting
pred_000501,501,771.715,8,40,1117.283333,hn,app_22,batch,job_level_historical_profile_forecasting
pred_000502,502,773.7483333,64,320,383.118127,cn,app_87,batch,job_level_historical_profile_forecasting
pred_000503,503,775.7816667,64,320,383.118127,cn,app_87,batch,job_level_historical_profile_forecasting
pred_000504,504,776.9483333,96,480,248.1666667,cn,app_18,batch,job_level_historical_profile_forecasting
pred_000505,505,777.4483333,64,320,503.141734,cn,app_77,batch,job_level_historical_profile_forecasting
pred_000506,506,780.615,192,960,3937.156391,cn,app_35,batch,job_level_historical_profile_forecasting
pred_000507,507,781.2816667,8,16,11.81666667,hn,app_60,interactive,job_level_historical_profile_forecasting
pred_000508,508,783.54,8,40,1281.898208,hn,app_23,batch,job_level_historical_profile_forecasting
pred_000509,509,784.1483333,64,320,169.6333333,cn,app_27,batch,job_level_historical_profile_forecasting
pred_000510,510,786.3066667,96,480,26.52528367,cn,app_50,interactive,job_level_historical_profile_forecasting
pred_000511,511,788.34,64,320,383.118127,cn,app_87,batch,job_level_historical_profile_forecasting
pred_000512,512,790.2233333,48,240,1123.386001,cn,app_62,batch,job_level_historical_profile_forecasting
pred_000513,513,790.2366667,8,40,134.1456283,hn,app_152,batch,job_level_historical_profile_forecasting
pred_000514,514,791.1533333,64,320,141.8166667,cn,app_2,batch,job_level_historical_profile_forecasting
pred_000515,515,793.2283333,48,201,1470.527864,cn,app_0,batch,job_level_historical_profile_forecasting
pred_000516,516,793.5116667,8,40,213.05,hn,app_77,batch,job_level_historical_profile_forecasting
pred_000517,517,793.7283333,48,240,198.244689,cn,app_123,batch,job_level_historical_profile_forecasting
pred_000518,518,795.4033333,12,120,30.0164295,hn,app_0,interactive,job_level_historical_profile_forecasting
pred_000519,519,797.0866667,8,40,132.0666667,hn,app_89,batch,job_level_historical_profile_forecasting
pred_000520,520,800.745,8,32,15.83345667,hn,app_136,interactive,job_level_historical_profile_forecasting
pred_000521,521,801.6283333,8,40,13.13016983,hn,app_90,interactive,job_level_historical_profile_forecasting
pred_000522,522,801.8283333,8,38.75,59.00432717,hn,app_42,interactive,job_level_historical_profile_forecasting
pred_000523,523,803.2783333,64,320,16.56666667,cn,app_87,interactive,job_level_historical_profile_forecasting
pred_000524,524,804.2283333,16,80,1496.72941,hn,app_126,batch,job_level_historical_profile_forecasting
pred_000525,525,806.1616667,96,480,606.95,cn,app_19,batch,job_level_historical_profile_forecasting
pred_000526,526,806.9033333,8,40,3032.878756,hn,app_20,batch,job_level_historical_profile_forecasting
pred_000527,527,807.3866667,64,320,36.28437,cn,app_142,interactive,job_level_historical_profile_forecasting
pred_000528,528,808.42,96,480,366.1517245,cn,app_126,batch,job_level_historical_profile_forecasting
pred_000529,529,809.2533333,64,320,2.183333333,cn,app_27,interactive,job_level_historical_profile_forecasting
pred_000530,530,811.5116667,8,40,1281.898208,hn,app_23,batch,job_level_historical_profile_forecasting
pred_000531,531,813.1116667,64,320,143.0061695,cn,app_20,batch,job_level_historical_profile_forecasting
pred_000532,532,815.145,64,320,383.118127,cn,app_87,batch,job_level_historical_profile_forecasting
pred_000533,533,815.745,96,480,33.32353667,cn,app_18,interactive,job_level_historical_profile_forecasting
pred_000534,534,815.7783333,64,320,2.14003,cn,app_140,interactive,job_level_historical_profile_forecasting
pred_000535,535,816.945,96,480,248.1666667,cn,app_18,batch,job_level_historical_profile_forecasting
pred_000536,536,818.195,8,40,185.030084,hn,app_111,batch,job_level_historical_profile_forecasting
pred_000537,537,820.2283333,64,320,383.118127,cn,app_87,batch,job_level_historical_profile_forecasting
pred_000538,538,820.2416667,8,40,134.1456283,hn,app_152,batch,job_level_historical_profile_forecasting
pred_000539,539,822.9583333,8,40,247.85,hn,app_114,batch,job_level_historical_profile_forecasting
pred_000540,540,826.025,8,40,29.727856,hn,app_86,interactive,job_level_historical_profile_forecasting
pred_000541,541,826.5583333,64,320,541.9,cn,app_144,batch,job_level_historical_profile_forecasting
pred_000542,542,827.5083333,16,80,1496.72941,hn,app_126,batch,job_level_historical_profile_forecasting
pred_000543,543,829.2166667,48,201.5,2.6081955,cn,app_0,interactive,job_level_historical_profile_forecasting
pred_000544,544,832.2833333,8,40,29.727856,hn,app_86,interactive,job_level_historical_profile_forecasting
pred_000545,545,834.3166667,64,320,383.118127,cn,app_87,batch,job_level_historical_profile_forecasting
pred_000546,546,835.5416667,12,120,175.871842,hn,app_0,batch,job_level_historical_profile_forecasting
pred_000547,547,837.575,64,320,383.118127,cn,app_87,batch,job_level_historical_profile_forecasting
pred_000548,548,839.1916667,96,480,905.5,cn,app_13,batch,job_level_historical_profile_forecasting
pred_000549,549,843.1583333,96,480,15.85,cn,app_136,interactive,job_level_historical_profile_forecasting
pred_000550,550,845.1916667,64,320,383.118127,cn,app_87,batch,job_level_historical_profile_forecasting
pred_000551,551,845.225,64,320,2.14003,cn,app_140,interactive,job_level_historical_profile_forecasting
pred_000552,552,847.1583333,96,480,606.95,cn,app_19,batch,job_level_historical_profile_forecasting
pred_000553,553,848.775,96,480,905.5,cn,app_13,batch,job_level_historical_profile_forecasting
pred_000554,554,850.85,48,201,1470.527864,cn,app_0,batch,job_level_historical_profile_forecasting
pred_000555,555,853.1083333,8,40,1281.898208,hn,app_23,batch,job_level_historical_profile_forecasting
pred_000556,556,854.7083333,64,320,143.0061695,cn,app_20,batch,job_level_historical_profile_forecasting
pred_000557,557,855.4416667,48,400,15.604913,cn,app_68,interactive,job_level_historical_profile_forecasting
pred_000558,558,856.2416667,8,16,58.75,hn,app_21,interactive,job_level_historical_profile_forecasting
pred_000559,559,858.3166667,48,201,1470.527864,cn,app_0,batch,job_level_historical_profile_forecasting
pred_000560,560,859.2333333,64,320,141.8166667,cn,app_2,batch,job_level_historical_profile_forecasting
pred_000561,561,860.8666667,64,320,607.9995717,cn,app_4,batch,job_level_historical_profile_forecasting
pred_000562,562,862.9,64,320,383.118127,cn,app_87,batch,job_level_historical_profile_forecasting
pred_000563,563,864.975,48,201,1470.527864,cn,app_0,batch,job_level_historical_profile_forecasting
pred_000564,564,865.5833333,64,320,169.6333333,cn,app_27,batch,job_level_historical_profile_forecasting
pred_000565,565,869.2416667,8,32,15.83345667,hn,app_136,interactive,job_level_historical_profile_forecasting
pred_000566,566,871.275,64,320,383.118127,cn,app_87,batch,job_level_historical_profile_forecasting
pred_000567,567,872.025,64,320,100.3037555,cn,app_89,batch,job_level_historical_profile_forecasting
pred_000568,568,873.225,96,480,1032.238385,cn,app_46,batch,job_level_historical_profile_forecasting
pred_000569,569,874.8416667,96,480,905.5,cn,app_13,batch,job_level_historical_profile_forecasting
pred_000570,570,878.0833333,48,240,1338.292103,cn,app_30,batch,job_level_historical_profile_forecasting
pred_000571,571,880.25,64,320,2.15,cn,app_82,interactive,job_level_historical_profile_forecasting
pred_000572,572,881.85,64,320,143.0061695,cn,app_20,batch,job_level_historical_profile_forecasting
pred_000573,573,881.925,48,240,2.116666667,cn,app_123,interactive,job_level_historical_profile_forecasting
pred_000574,574,881.935,8,40,29.91666667,hn,app_130,interactive,job_level_historical_profile_forecasting
pred_000575,575,883.9683333,64,320,383.118127,cn,app_87,batch,job_level_historical_profile_forecasting
pred_000576,576,887.21,48,240,1338.292103,cn,app_30,batch,job_level_historical_profile_forecasting
pred_000577,577,888.435,12,120,175.871842,hn,app_0,batch,job_level_historical_profile_forecasting
pred_000578,578,889.3516667,64,320,141.8166667,cn,app_2,batch,job_level_historical_profile_forecasting
pred_000579,579,889.4266667,48,240,2.116666667,cn,app_123,interactive,job_level_historical_profile_forecasting
pred_000580,580,890.8933333,64,320,534.174172,cn,app_17,batch,job_level_historical_profile_forecasting
pred_000581,581,892.8266667,96,480,606.95,cn,app_19,batch,job_level_historical_profile_forecasting
pred_000582,582,895.9933333,192,960,3937.156391,cn,app_35,batch,job_level_historical_profile_forecasting
pred_000583,583,896.4933333,64,320,45.45,cn,app_81,interactive,job_level_historical_profile_forecasting
pred_000584,584,898.5266667,64,320,383.118127,cn,app_87,batch,job_level_historical_profile_forecasting
pred_000585,585,901.56,8,40,0.1161565,hn,app_20,interactive,job_level_historical_profile_forecasting
pred_000586,586,905.2183333,8,32,15.83345667,hn,app_136,interactive,job_level_historical_profile_forecasting
pred_000587,587,907.2683333,96,800,19.75,cn,app_76,interactive,job_level_historical_profile_forecasting
pred_000588,588,909.3266667,96,480,729.4916667,cn,app_28,batch,job_level_historical_profile_forecasting
pred_000589,589,911.36,64,320,383.118127,cn,app_87,batch,job_level_historical_profile_forecasting
pred_000590,590,912.96,64,320,143.0061695,cn,app_20,batch,job_level_historical_profile_forecasting
pred_000591,591,915.6766667,8,40,247.85,hn,app_114,batch,job_level_historical_profile_forecasting
pred_000592,592,916.01,96,480,4.533333333,cn,app_19,interactive,job_level_historical_profile_forecasting
pred_000593,593,917.1266667,96,480,363.2666667,cn,app_146,batch,job_level_historical_profile_forecasting
pred_000594,594,919.2016667,48,201,1470.527864,cn,app_0,batch,job_level_historical_profile_forecasting
pred_000595,595,923.3183333,64,320,74.91666667,cn,app_103,batch,job_level_historical_profile_forecasting
pred_000596,596,923.8183333,64,320,503.141734,cn,app_77,batch,job_level_historical_profile_forecasting
pred_000597,597,924.985,96,480,248.1666667,cn,app_18,batch,job_level_historical_profile_forecasting
pred_000598,598,927.0183333,64,320,383.118127,cn,app_87,batch,job_level_historical_profile_forecasting
pred_000599,599,929.0516667,64,320,383.118127,cn,app_87,batch,job_level_historical_profile_forecasting
pred_000600,600,933.2016667,12,40,75.424724,hn,app_107,batch,job_level_historical_profile_forecasting
pred_000601,601,935.0516667,96,480,2276.983333,cn,app_50,batch,job_level_historical_profile_forecasting
pred_000602,602,935.1516667,8,40,247.477955,hn,app_39,batch,job_level_historical_profile_forecasting
pred_000603,603,937.185,64,320,383.118127,cn,app_87,batch,job_level_historical_profile_forecasting
pred_000604,604,937.685,64,320,503.141734,cn,app_77,batch,job_level_historical_profile_forecasting
pred_000605,605,940.0516667,48,300,1242.565681,cn,app_26,batch,job_level_historical_profile_forecasting
pred_000606,606,940.335,8,40,213.05,hn,app_77,batch,job_level_historical_profile_forecasting
pred_000607,607,941.2683333,8,40,0.15,hn,app_143,interactive,job_level_historical_profile_forecasting
pred_000608,608,943.8516667,8,200,27.3,hn,app_99,interactive,job_level_historical_profile_forecasting
pred_000609,609,948.235,192,960,6062.333333,cn,app_44,batch,job_level_historical_profile_forecasting
pred_000610,610,949.5516667,8,40,1117.283333,hn,app_22,batch,job_level_historical_profile_forecasting
pred_000611,611,949.7766667,96,480,5.9282175,cn,app_152,interactive,job_level_historical_profile_forecasting
pred_000612,612,950.1933333,8,40,2843.035637,hn,app_93,batch,job_level_historical_profile_forecasting
pred_000613,613,952.2683333,48,201,1470.527864,cn,app_0,batch,job_level_historical_profile_forecasting
pred_000614,614,953.9766667,48,201.5,2.6081955,cn,app_0,interactive,job_level_historical_profile_forecasting
pred_000615,615,954.9266667,16,80,1496.72941,hn,app_126,batch,job_level_historical_profile_forecasting
pred_000616,616,956.8266667,96,480,185.886894,cn,app_47,batch,job_level_historical_profile_forecasting
pred_000617,617,956.885,8,40,16.18333333,hn,app_132,interactive,job_level_historical_profile_forecasting
pred_000618,618,957.8016667,64,320,141.8166667,cn,app_2,batch,job_level_historical_profile_forecasting
pred_000619,619,957.835,64,320,2.14003,cn,app_140,interactive,job_level_historical_profile_forecasting
pred_000620,620,959.735,96,480,185.886894,cn,app_47,batch,job_level_historical_profile_forecasting
pred_000621,621,962.3183333,96,640,1287.074108,cn,app_41,batch,job_level_historical_profile_forecasting
pred_000622,622,963.435,96,480,363.2666667,cn,app_146,batch,job_level_historical_profile_forecasting
pred_000623,623,965.51,48,201,1470.527864,cn,app_0,batch,job_level_historical_profile_forecasting
pred_000624,624,966.0433333,64,320,541.9,cn,app_144,batch,job_level_historical_profile_forecasting
pred_000625,625,966.7933333,64,320,100.3037555,cn,app_89,batch,job_level_historical_profile_forecasting
pred_000626,626,966.9933333,96,480,5.785317,cn,app_32,interactive,job_level_historical_profile_forecasting
pred_000627,627,969.0266667,64,320,383.118127,cn,app_87,batch,job_level_historical_profile_forecasting
pred_000628,628,969.8266667,8,16,58.75,hn,app_21,interactive,job_level_historical_profile_forecasting
pred_000629,629,973.0683333,48,240,1338.292103,cn,app_30,batch,job_level_historical_profile_forecasting
pred_000630,630,976.9683333,96,480,43.215779,cn,app_47,interactive,job_level_historical_profile_forecasting
pred_000631,631,977.785,48,240,472.45,cn,app_14,batch,job_level_historical_profile_forecasting
pred_000632,632,980.0516667,64,320,1286.992189,cn,app_22,batch,job_level_historical_profile_forecasting
pred_000633,633,981.7266667,12,120,30.0164295,hn,app_0,interactive,job_level_historical_profile_forecasting
pred_000634,634,984.8266667,96,480,680.2970972,cn,app_37,batch,job_level_historical_profile_forecasting
pred_000635,635,985.7766667,16,80,1496.72941,hn,app_126,batch,job_level_historical_profile_forecasting
pred_000636,636,986.86,8,40,1465.683333,hn,app_62,batch,job_level_historical_profile_forecasting
pred_000637,637,987.5266667,8,40,1803.126885,hn,app_138,batch,job_level_historical_profile_forecasting
pred_000638,638,989.2016667,12,120,30.0164295,hn,app_0,interactive,job_level_historical_profile_forecasting
pred_000639,639,989.7016667,64,320,503.141734,cn,app_77,batch,job_level_historical_profile_forecasting
pred_000640,640,991.3766667,96,480,901.225,cn,app_54,batch,job_level_historical_profile_forecasting
pred_000641,641,994.0933333,8,40,247.85,hn,app_114,batch,job_level_historical_profile_forecasting
pred_000642,642,996.1266667,64,320,383.118127,cn,app_87,batch,job_level_historical_profile_forecasting
pred_000643,643,998.16,64,320,383.118127,cn,app_87,batch,job_level_historical_profile_forecasting
pred_000644,644,1000.01,96,480,2276.983333,cn,app_50,batch,job_level_historical_profile_forecasting
pred_000645,645,1001.943333,96,480,606.95,cn,app_19,batch,job_level_historical_profile_forecasting
pred_000646,646,1004.526667,64,317.5,39.9697395,cn,app_129,interactive,job_level_historical_profile_forecasting
pred_000647,647,1006.56,64,320,383.118127,cn,app_87,batch,job_level_historical_profile_forecasting
pred_000648,648,1006.618333,8,40,16.18333333,hn,app_132,interactive,job_level_historical_profile_forecasting
pred_000649,649,1008.26,64,320,1177.045792,cn,app_82,batch,job_level_historical_profile_forecasting
pred_000650,650,1009.935,12,120,30.0164295,hn,app_0,interactive,job_level_historical_profile_forecasting
pred_000651,651,1009.993333,8,40,16.18333333,hn,app_132,interactive,job_level_historical_profile_forecasting
pred_000652,652,1012.026667,64,320,383.118127,cn,app_87,batch,job_level_historical_profile_forecasting
pred_000653,653,1013.243333,8,40,1352.653437,hn,app_19,batch,job_level_historical_profile_forecasting
pred_000654,654,1014.276667,96,480,366.1517245,cn,app_126,batch,job_level_historical_profile_forecasting
pred_000655,655,1014.326667,64,320,2.183333333,cn,app_130,interactive,job_level_historical_profile_forecasting
pred_000656,656,1015.06,16,80,2.198181,hn,app_126,interactive,job_level_historical_profile_forecasting
pred_000657,657,1017.093333,64,320,383.118127,cn,app_87,batch,job_level_historical_profile_forecasting
pred_000658,658,1020.16,8,40,29.727856,hn,app_86,interactive,job_level_historical_profile_forecasting
pred_000659,659,1021.118333,48,240,10.629172,cn,app_30,interactive,job_level_historical_profile_forecasting
pred_000660,660,1021.601667,64,320,36.28437,cn,app_142,interactive,job_level_historical_profile_forecasting
pred_000661,661,1023.485,48,240,1123.386001,cn,app_62,batch,job_level_historical_profile_forecasting
pred_000662,662,1025.543333,96,480,729.4916667,cn,app_28,batch,job_level_historical_profile_forecasting
pred_000663,663,1025.601667,8,40,16.18333333,hn,app_132,interactive,job_level_historical_profile_forecasting
pred_000664,664,1027.485,48,240,1123.386001,cn,app_62,batch,job_level_historical_profile_forecasting
pred_000665,665,1028.668333,8,40,1218.633333,hn,app_37,batch,job_level_historical_profile_forecasting
pred_000666,666,1030.701667,64,320,383.118127,cn,app_87,batch,job_level_historical_profile_forecasting
pred_000667,667,1031.843333,64,400,635.5972053,cn,app_11,batch,job_level_historical_profile_forecasting
pred_000668,668,1032.56,64,320,286.081224,cn,app_93,batch,job_level_historical_profile_forecasting
pred_000669,669,1033.06,64,320,503.141734,cn,app_77,batch,job_level_historical_profile_forecasting
pred_000670,670,1035.935,96,480,456.1155617,cn,app_48,batch,job_level_historical_profile_forecasting
pred_000671,671,1036.343333,8,40,52.81309,hn,app_77,interactive,job_level_historical_profile_forecasting
pred_000672,672,1039.376667,8,40,0.1161565,hn,app_20,interactive,job_level_historical_profile_forecasting
pred_000673,673,1042.443333,8,40,29.727856,hn,app_86,interactive,job_level_historical_profile_forecasting
pred_000674,674,1043.176667,48,400,15.604913,cn,app_68,interactive,job_level_historical_profile_forecasting
pred_000675,675,1043.443333,96,480,2.15,cn,app_151,interactive,job_level_historical_profile_forecasting
pred_000676,676,1045.91,192,937.5,3146.862072,cn,app_42,batch,job_level_historical_profile_forecasting
pred_000677,677,1046.126667,48,240,198.244689,cn,app_123,batch,job_level_historical_profile_forecasting
pred_000678,678,1047.076667,16,80,1496.72941,hn,app_126,batch,job_level_historical_profile_forecasting
pred_000679,679,1049.11,64,320,383.118127,cn,app_87,batch,job_level_historical_profile_forecasting
pred_000680,680,1049.193333,8,40,16.051468,hn,app_6,interactive,job_level_historical_profile_forecasting
pred_000681,681,1049.443333,96,480,1328.670202,cn,app_139,batch,job_level_historical_profile_forecasting
pred_000682,682,1049.526667,8,40,16.051468,hn,app_6,interactive,job_level_historical_profile_forecasting
pred_000683,683,1050.426667,64,480,197.309994,cn,app_23,batch,job_level_historical_profile_forecasting
pred_000684,684,1052.46,64,320,383.118127,cn,app_87,batch,job_level_historical_profile_forecasting
pred_000685,685,1053.493333,96,480,366.1517245,cn,app_126,batch,job_level_historical_profile_forecasting
pred_000686,686,1055.526667,64,320,383.118127,cn,app_87,batch,job_level_historical_profile_forecasting
pred_000687,687,1059.493333,96,480,15.85,cn,app_136,interactive,job_level_historical_profile_forecasting
pred_000688,688,1060.41,64,320,141.8166667,cn,app_2,batch,job_level_historical_profile_forecasting
pred_000689,689,1060.543333,8,40,58.475,hn,app_144,interactive,job_level_historical_profile_forecasting
pred_000690,690,1060.96,8,40,45.10833333,hn,app_137,interactive,job_level_historical_profile_forecasting
pred_000691,691,1064.06,96,480,680.2970972,cn,app_37,batch,job_level_historical_profile_forecasting
pred_000692,692,1068.026667,96,480,15.85,cn,app_136,interactive,job_level_historical_profile_forecasting
pred_000693,693,1069.643333,96,480,905.5,cn,app_13,batch,job_level_historical_profile_forecasting
pred_000694,694,1071.285,64,320,1177.045792,cn,app_82,batch,job_level_historical_profile_forecasting
pred_000695,695,1072.66,192,960,2.141666667,cn,app_38,interactive,job_level_historical_profile_forecasting
pred_000696,696,1073.16,64,320,128.2588207,cn,app_145,batch,job_level_historical_profile_forecasting
pred_000697,697,1075.16,96,600,234.005867,cn,app_107,batch,job_level_historical_profile_forecasting
pred_000698,698,1078.193333,8,40,0.1161565,hn,app_20,interactive,job_level_historical_profile_forecasting
pred_000699,699,1080.226667,64,320,383.118127,cn,app_87,batch,job_level_historical_profile_forecasting
pred_000700,700,1080.576667,64,320,2.116666667,cn,app_145,interactive,job_level_historical_profile_forecasting
pred_000701,701,1082.193333,96,480,905.5,cn,app_13,batch,job_level_historical_profile_forecasting
pred_000702,702,1083.093333,64,480,197.309994,cn,app_23,batch,job_level_historical_profile_forecasting
pred_000703,703,1085.126667,64,320,383.118127,cn,app_87,batch,job_level_historical_profile_forecasting
pred_000704,704,1086.743333,96,480,905.5,cn,app_13,batch,job_level_historical_profile_forecasting
pred_000705,705,1090.218333,64,320,529.056141,cn,app_131,batch,job_level_historical_profile_forecasting
pred_000706,706,1092.151667,96,480,606.95,cn,app_19,batch,job_level_historical_profile_forecasting
pred_000707,707,1093.318333,96,480,248.1666667,cn,app_18,batch,job_level_historical_profile_forecasting
pred_000708,708,1093.926667,64,320,169.6333333,cn,app_27,batch,job_level_historical_profile_forecasting
pred_000709,709,1098.435,8,50,1917.041457,hn,app_101,batch,job_level_historical_profile_forecasting
pred_000710,710,1099.385,16,80,1496.72941,hn,app_126,batch,job_level_historical_profile_forecasting
pred_000711,711,1099.885,64,320,503.141734,cn,app_77,batch,job_level_historical_profile_forecasting
pred_000712,712,1100.385,64,320,503.141734,cn,app_77,batch,job_level_historical_profile_forecasting
pred_000713,713,1102.001667,96,480,905.5,cn,app_13,batch,job_level_historical_profile_forecasting
pred_000714,714,1102.235,64,320,2.108333333,cn,app_132,interactive,job_level_historical_profile_forecasting
pred_000715,715,1103.151667,64,320,141.8166667,cn,app_2,batch,job_level_historical_profile_forecasting
pred_000716,716,1103.385,64,320,2.108333333,cn,app_132,interactive,job_level_historical_profile_forecasting
pred_000717,717,1106.101667,8,40,247.85,hn,app_114,batch,job_level_historical_profile_forecasting
pred_000718,718,1107.951667,96,480,2276.983333,cn,app_50,batch,job_level_historical_profile_forecasting
pred_000719,719,1108.301667,64,320,2.116666667,cn,app_145,interactive,job_level_historical_profile_forecasting
pred_000720,720,1108.368333,64,320,1152.9,cn,app_140,batch,job_level_historical_profile_forecasting
pred_000721,721,1108.785,8,40,425.485766,hn,app_143,batch,job_level_historical_profile_forecasting
pred_000722,722,1110.818333,64,320,383.118127,cn,app_87,batch,job_level_historical_profile_forecasting
pred_000723,723,1111.351667,64,320,541.9,cn,app_144,batch,job_level_historical_profile_forecasting
pred_000724,724,1113.518333,96,600,15.72538717,cn,app_107,interactive,job_level_historical_profile_forecasting
pred_000725,725,1115.551667,64,320,383.118127,cn,app_87,batch,job_level_historical_profile_forecasting
pred_000726,726,1117.485,96,480,606.95,cn,app_19,batch,job_level_historical_profile_forecasting
pred_000727,727,1117.901667,8,40,2843.035637,hn,app_93,batch,job_level_historical_profile_forecasting
pred_000728,728,1118.185,8,16,34.99116817,hn,app_14,interactive,job_level_historical_profile_forecasting
pred_000729,729,1120.451667,64,320,14.918514,cn,app_91,interactive,job_level_historical_profile_forecasting
pred_000730,730,1129.201667,48,300,2.15,cn,app_141,interactive,job_level_historical_profile_forecasting
pred_000731,731,1130.026667,64,320,2.15,cn,app_144,interactive,job_level_historical_profile_forecasting
pred_000732,732,1130.04,8,40,134.1456283,hn,app_152,batch,job_level_historical_profile_forecasting
pred_000733,733,1130.09,48,240,2.083333333,cn,app_14,interactive,job_level_historical_profile_forecasting
pred_000734,734,1133.123333,8,40,0.1161565,hn,app_20,interactive,job_level_historical_profile_forecasting
pred_000735,735,1136.19,8,40,29.727856,hn,app_86,interactive,job_level_historical_profile_forecasting
pred_000736,736,1137.006667,48,240,472.45,cn,app_14,batch,job_level_historical_profile_forecasting
pred_000737,737,1137.04,64,320,2.14003,cn,app_140,interactive,job_level_historical_profile_forecasting
pred_000738,738,1138.89,96,480,2276.983333,cn,app_50,batch,job_level_historical_profile_forecasting
pred_000739,739,1139.806667,64,320,141.8166667,cn,app_2,batch,job_level_historical_profile_forecasting
pred_000740,740,1140.173333,96,480,162.0166667,cn,app_152,batch,job_level_historical_profile_forecasting
pred_000741,741,1143.34,192,960,3937.156391,cn,app_35,batch,job_level_historical_profile_forecasting
pred_000742,742,1143.39,64,320,2.183333333,cn,app_130,interactive,job_level_historical_profile_forecasting
pred_000743,743,1143.923333,64,320,541.9,cn,app_144,batch,job_level_historical_profile_forecasting
pred_000744,744,1145.856667,96,480,606.95,cn,app_19,batch,job_level_historical_profile_forecasting
pred_000745,745,1147.756667,96,480,185.886894,cn,app_47,batch,job_level_historical_profile_forecasting
pred_000746,746,1150.998333,48,240,1338.292103,cn,app_30,batch,job_level_historical_profile_forecasting
pred_000747,747,1152.031667,96,480,366.1517245,cn,app_126,batch,job_level_historical_profile_forecasting
pred_000748,748,1154.615,96,640,1287.074108,cn,app_41,batch,job_level_historical_profile_forecasting
pred_000749,749,1156.515,96,480,185.886894,cn,app_47,batch,job_level_historical_profile_forecasting
pred_000750,750,1156.565,48,240,2.083333333,cn,app_14,interactive,job_level_historical_profile_forecasting
pred_000751,751,1158.64,48,201,1470.527864,cn,app_0,batch,job_level_historical_profile_forecasting
pred_000752,752,1158.723333,8,40,16.051468,hn,app_6,interactive,job_level_historical_profile_forecasting
pred_000753,753,1160.756667,64,320,383.118127,cn,app_87,batch,job_level_historical_profile_forecasting
pred_000754,754,1161.365,64,320,169.6333333,cn,app_27,batch,job_level_historical_profile_forecasting
pred_000755,755,1161.881667,8,40,507.25,hn,app_64,batch,job_level_historical_profile_forecasting
pred_000756,756,1163.915,64,320,383.118127,cn,app_87,batch,job_level_historical_profile_forecasting
pred_000757,757,1165.948333,64,320,383.118127,cn,app_87,batch,job_level_historical_profile_forecasting
pred_000758,758,1167.881667,96,480,606.95,cn,app_19,batch,job_level_historical_profile_forecasting
pred_000759,759,1168.74,64,350,1713.383625,cn,app_138,batch,job_level_historical_profile_forecasting
pred_000760,760,1171.806667,8,40,29.727856,hn,app_86,interactive,job_level_historical_profile_forecasting
pred_000761,761,1172.756667,16,80,1496.72941,hn,app_126,batch,job_level_historical_profile_forecasting
pred_000762,762,1175.34,96,640,1287.074108,cn,app_41,batch,job_level_historical_profile_forecasting
pred_000763,763,1175.39,64,320,2.183333333,cn,app_130,interactive,job_level_historical_profile_forecasting
pred_000764,764,1177.423333,64,320,383.118127,cn,app_87,batch,job_level_historical_profile_forecasting
pred_000765,765,1178.74,8,40,1117.283333,hn,app_22,batch,job_level_historical_profile_forecasting
pred_000766,766,1180.815,48,201,1470.527864,cn,app_0,batch,job_level_historical_profile_forecasting
pred_000767,767,1182.523333,48,201.5,2.6081955,cn,app_0,interactive,job_level_historical_profile_forecasting
pred_000768,768,1184.681667,96,480,26.52528367,cn,app_50,interactive,job_level_historical_profile_forecasting
pred_000769,769,1187.848333,192,960,3937.156391,cn,app_35,batch,job_level_historical_profile_forecasting
pred_000770,770,1189.881667,64,320,383.118127,cn,app_87,batch,job_level_historical_profile_forecasting
pred_000771,771,1190.798333,64,320,141.8166667,cn,app_2,batch,job_level_historical_profile_forecasting
pred_000772,772,1192.173333,192,960,2.141666667,cn,app_38,interactive,job_level_historical_profile_forecasting
pred_000773,773,1193.206667,96,480,366.1517245,cn,app_126,batch,job_level_historical_profile_forecasting
pred_000774,774,1194.123333,64,320,141.8166667,cn,app_2,batch,job_level_historical_profile_forecasting
pred_000775,775,1196.156667,64,320,383.118127,cn,app_87,batch,job_level_historical_profile_forecasting
pred_000776,776,1197.323333,96,480,248.1666667,cn,app_18,batch,job_level_historical_profile_forecasting
pred_000777,777,1198.065,8,40,968.6454562,hn,app_18,batch,job_level_historical_profile_forecasting
pred_000778,778,1202.031667,96,480,15.85,cn,app_136,interactive,job_level_historical_profile_forecasting
pred_000779,779,1203.481667,64,320,16.56666667,cn,app_87,interactive,job_level_historical_profile_forecasting
pred_000780,780,1204.706667,12,120,175.871842,hn,app_0,batch,job_level_historical_profile_forecasting
pred_000781,781,1205.523333,48,240,472.45,cn,app_14,batch,job_level_historical_profile_forecasting
pred_000782,782,1206.556667,96,480,366.1517245,cn,app_126,batch,job_level_historical_profile_forecasting
pred_000783,783,1208.84,64,320,7635.117823,cn,app_91,batch,job_level_historical_profile_forecasting
pred_000784,784,1208.923333,8,40,16.051468,hn,app_6,interactive,job_level_historical_profile_forecasting
pred_000785,785,1213.306667,192,960,6062.333333,cn,app_44,batch,job_level_historical_profile_forecasting
pred_000786,786,1215.673333,48,300,1242.565681,cn,app_26,batch,job_level_historical_profile_forecasting
pred_000787,787,1216.99,8,40,1267.566667,hn,app_24,batch,job_level_historical_profile_forecasting
pred_000788,788,1218.923333,96,480,606.95,cn,app_19,batch,job_level_historical_profile_forecasting
pred_000789,789,1219.756667,64,320,2.183333333,cn,app_27,interactive,job_level_historical_profile_forecasting
pred_000790,790,1221.606667,96,480,2276.983333,cn,app_50,batch,job_level_historical_profile_forecasting
pred_000791,791,1221.64,64,320,2.14003,cn,app_140,interactive,job_level_historical_profile_forecasting
pred_000792,792,1223.49,96,480,2276.983333,cn,app_50,batch,job_level_historical_profile_forecasting
pred_000793,793,1223.706667,8,40,2.633333333,hn,app_19,interactive,job_level_historical_profile_forecasting
pred_000794,794,1224.04,96,480,4.533333333,cn,app_19,interactive,job_level_historical_profile_forecasting
pred_000795,795,1225.973333,96,480,606.95,cn,app_19,batch,job_level_historical_profile_forecasting
pred_000796,796,1228.048333,48,201,1470.527864,cn,app_0,batch,job_level_historical_profile_forecasting
pred_000797,797,1229.215,96,480,248.1666667,cn,app_18,batch,job_level_historical_profile_forecasting
pred_000798,798,1231.248333,64,320,383.118127,cn,app_87,batch,job_level_historical_profile_forecasting
pred_000799,799,1231.565,8,40,12.70342167,hn,app_27,interactive,job_level_historical_profile_forecasting
pred_000800,800,1233.931667,48,300,1242.565681,cn,app_26,batch,job_level_historical_profile_forecasting
pred_000801,801,1236.006667,48,201,1470.527864,cn,app_0,batch,job_level_historical_profile_forecasting
pred_000802,802,1236.74,12,120,6.652336,hn,app_91,interactive,job_level_historical_profile_forecasting
pred_000803,803,1243.606667,64,320,16.116066,cn,app_115,interactive,job_level_historical_profile_forecasting
pred_000804,804,1245.315,48,201.5,2.6081955,cn,app_0,interactive,job_level_historical_profile_forecasting
pred_000805,805,1248.348333,8,40,0.1161565,hn,app_20,interactive,job_level_historical_profile_forecasting
pred_000806,806,1249.665,8,40,1117.283333,hn,app_22,batch,job_level_historical_profile_forecasting
pred_000807,807,1250.906667,64,320,1064.717842,cn,app_115,batch,job_level_historical_profile_forecasting
pred_000808,808,1251.423333,8,40,507.25,hn,app_64,batch,job_level_historical_profile_forecasting
pred_000809,809,1253.131667,48,201.5,2.6081955,cn,app_0,interactive,job_level_historical_profile_forecasting
pred_000810,810,1255.165,64,320,383.118127,cn,app_87,batch,job_level_historical_profile_forecasting
pred_000811,811,1256.84,96,480,901.225,cn,app_54,batch,job_level_historical_profile_forecasting
pred_000812,812,1259.556667,8,40,247.85,hn,app_114,batch,job_level_historical_profile_forecasting
pred_000813,813,1260.806667,8,40,185.030084,hn,app_111,batch,job_level_historical_profile_forecasting
pred_000814,814,1262.481667,12,120,30.0164295,hn,app_0,interactive,job_level_historical_profile_forecasting
pred_000815,815,1263.515,96,480,366.1517245,cn,app_126,batch,job_level_historical_profile_forecasting
pred_000816,816,1263.881667,64,320,2.1683685,cn,app_77,interactive,job_level_historical_profile_forecasting
pred_000817,817,1265.348333,64,320,534.174172,cn,app_17,batch,job_level_historical_profile_forecasting
pred_000818,818,1267.031667,8,40,132.0666667,hn,app_89,batch,job_level_historical_profile_forecasting
pred_000819,819,1269.065,64,320,383.118127,cn,app_87,batch,job_level_historical_profile_forecasting
pred_000820,820,1269.075,8,40,44.043211,hn,app_151,interactive,job_level_historical_profile_forecasting
pred_000821,821,1269.633333,8,16,961.529228,hn,app_21,batch,job_level_historical_profile_forecasting
pred_000822,822,1271.008333,192,960,2.141666667,cn,app_38,interactive,job_level_historical_profile_forecasting
pred_000823,823,1271.041667,64,320,2.14003,cn,app_140,interactive,job_level_historical_profile_forecasting
pred_000824,824,1273.116667,48,201,1470.527864,cn,app_0,batch,job_level_historical_profile_forecasting
pred_000825,825,1274.283333,96,480,248.1666667,cn,app_18,batch,job_level_historical_profile_forecasting
pred_000826,826,1277.383333,96,480,680.2970972,cn,app_37,batch,job_level_historical_profile_forecasting
pred_000827,827,1277.6,8,40,2.633333333,hn,app_19,interactive,job_level_historical_profile_forecasting
pred_000828,828,1278.516667,64,320,141.8166667,cn,app_2,batch,job_level_historical_profile_forecasting
pred_000829,829,1279.433333,64,320,141.8166667,cn,app_2,batch,job_level_historical_profile_forecasting
pred_000830,830,1280.658333,12,120,175.871842,hn,app_0,batch,job_level_historical_profile_forecasting
pred_000831,831,1283.691667,8,40,0.1161565,hn,app_20,interactive,job_level_historical_profile_forecasting
pred_000832,832,1284.608333,64,320,141.8166667,cn,app_2,batch,job_level_historical_profile_forecasting
pred_000833,833,1284.941667,96,480,4.533333333,cn,app_19,interactive,job_level_historical_profile_forecasting
pred_000834,834,1285.475,64,320,541.9,cn,app_144,batch,job_level_historical_profile_forecasting
pred_000835,835,1286.391667,64,320,141.8166667,cn,app_2,batch,job_level_historical_profile_forecasting
pred_000836,836,1288.425,64,320,383.118127,cn,app_87,batch,job_level_historical_profile_forecasting
pred_000837,837,1290.458333,64,320,383.118127,cn,app_87,batch,job_level_historical_profile_forecasting
pred_000838,838,1292.858333,8,40,39.93333333,hn,app_114,interactive,job_level_historical_profile_forecasting
pred_000839,839,1293.225,96,480,162.0166667,cn,app_152,batch,job_level_historical_profile_forecasting
pred_000840,840,1293.966667,8,40,968.6454562,hn,app_18,batch,job_level_historical_profile_forecasting
pred_000841,841,1296.433333,192,937.5,3146.862072,cn,app_42,batch,job_level_historical_profile_forecasting
pred_000842,842,1298.466667,64,320,383.118127,cn,app_87,batch,job_level_historical_profile_forecasting
pred_000843,843,1300.991667,8,40,107.264585,hn,app_86,batch,job_level_historical_profile_forecasting
pred_000844,844,1301.941667,16,80,1496.72941,hn,app_126,batch,job_level_historical_profile_forecasting
pred_000845,845,1302.675,12,120,6.652336,hn,app_91,interactive,job_level_historical_profile_forecasting
pred_000846,846,1303.791667,96,480,363.2666667,cn,app_146,batch,job_level_historical_profile_forecasting
pred_000847,847,1303.875,8,40,16.051468,hn,app_6,interactive,job_level_historical_profile_forecasting
pred_000848,848,1304.4,8,40,834.4834785,hn,app_49,batch,job_level_historical_profile_forecasting
pred_000849,849,1305.816667,64,320,1130.05,cn,app_88,batch,job_level_historical_profile_forecasting
pred_000850,850,1308.85,8,40,0.1161565,hn,app_20,interactive,job_level_historical_profile_forecasting
pred_000851,851,1311.566667,8,40,247.85,hn,app_114,batch,job_level_historical_profile_forecasting
pred_000852,852,1313.6,64,320,383.118127,cn,app_87,batch,job_level_historical_profile_forecasting
pred_000853,853,1315.233333,64,350,848.3666667,cn,app_86,batch,job_level_historical_profile_forecasting
pred_000854,854,1316.916667,8,40,132.0666667,hn,app_89,batch,job_level_historical_profile_forecasting
pred_000855,855,1317.833333,64,320,141.8166667,cn,app_2,batch,job_level_historical_profile_forecasting
pred_000856,856,1318.05,48,240,198.244689,cn,app_123,batch,job_level_historical_profile_forecasting
pred_000857,857,1318.391667,8,40.25,1658.222951,hn,app_74,batch,job_level_historical_profile_forecasting
pred_000858,858,1318.425,64,320,2.14003,cn,app_140,interactive,job_level_historical_profile_forecasting
pred_000859,859,1319.65,12,120,175.871842,hn,app_0,batch,job_level_historical_profile_forecasting
pred_000860,860,1321.25,64,320,143.0061695,cn,app_20,batch,job_level_historical_profile_forecasting
pred_000861,861,1321.666667,8,40,45.10833333,hn,app_137,interactive,job_level_historical_profile_forecasting
pred_000862,862,1323.7,64,320,383.118127,cn,app_87,batch,job_level_historical_profile_forecasting
pred_000863,863,1324.816667,96,480,363.2666667,cn,app_146,batch,job_level_historical_profile_forecasting
pred_000864,864,1324.83,8,40,134.1456283,hn,app_152,batch,job_level_historical_profile_forecasting
pred_000865,865,1325.363333,64,320,541.9,cn,app_144,batch,job_level_historical_profile_forecasting
pred_000866,866,1326.53,8,40,121.2,hn,app_42,batch,job_level_historical_profile_forecasting
pred_000867,867,1328.013333,48,240,567.758342,cn,app_64,batch,job_level_historical_profile_forecasting
pred_000868,868,1331.046667,8,40,0.1161565,hn,app_20,interactive,job_level_historical_profile_forecasting
pred_000869,869,1332.946667,96,480,185.886894,cn,app_47,batch,job_level_historical_profile_forecasting
pred_000870,870,1334.43,48,240,567.758342,cn,app_64,batch,job_level_historical_profile_forecasting
pred_000871,871,1337.146667,8,40,247.85,hn,app_114,batch,job_level_historical_profile_forecasting
pred_000872,872,1338.821667,96,480,901.225,cn,app_54,batch,job_level_historical_profile_forecasting
pred_000873,873,1340.855,64,320,383.118127,cn,app_87,batch,job_level_historical_profile_forecasting
pred_000874,874,1340.905,8,50,0.183333333,hn,app_76,interactive,job_level_historical_profile_forecasting
pred_000875,875,1341.171667,96,480,2.15,cn,app_151,interactive,job_level_historical_profile_forecasting
pred_000876,876,1343.888333,8,40,247.85,hn,app_114,batch,job_level_historical_profile_forecasting
pred_000877,877,1343.921667,64,320,2.14003,cn,app_140,interactive,job_level_historical_profile_forecasting
pred_000878,878,1345.163333,64,320,1064.717842,cn,app_115,batch,job_level_historical_profile_forecasting
pred_000879,879,1346.63,64,320,534.174172,cn,app_17,batch,job_level_historical_profile_forecasting
pred_000880,880,1348.513333,48,240,1123.386001,cn,app_62,batch,job_level_historical_profile_forecasting
pred_000881,881,1349.43,64,320,141.8166667,cn,app_2,batch,job_level_historical_profile_forecasting
pred_000882,882,1350.346667,64,320,141.8166667,cn,app_2,batch,job_level_historical_profile_forecasting
pred_000883,883,1353.588333,48,240,1338.292103,cn,app_30,batch,job_level_historical_profile_forecasting
pred_000884,884,1356.305,8,40,247.85,hn,app_114,batch,job_level_historical_profile_forecasting
pred_000885,885,1359.78,64,320,529.056141,cn,app_131,batch,job_level_historical_profile_forecasting
pred_000886,886,1364.446667,8,16,9619.816667,hn,app_95,batch,job_level_historical_profile_forecasting
pred_000887,887,1366.163333,96,480,799.8,cn,app_21,batch,job_level_historical_profile_forecasting
pred_000888,888,1368.43,64,320,14.918514,cn,app_91,interactive,job_level_historical_profile_forecasting
pred_000889,889,1368.463333,64,320,2.14003,cn,app_140,interactive,job_level_historical_profile_forecasting
pred_000890,890,1368.963333,64,320,503.141734,cn,app_77,batch,job_level_historical_profile_forecasting
pred_000891,891,1368.976667,8,16,12.33561,hn,app_123,interactive,job_level_historical_profile_forecasting
pred_000892,892,1368.993333,8,40,19.18333333,hn,app_140,interactive,job_level_historical_profile_forecasting
pred_000893,893,1371.26,64,320,1286.992189,cn,app_22,batch,job_level_historical_profile_forecasting
pred_000894,894,1373.193333,96,480,606.95,cn,app_19,batch,job_level_historical_profile_forecasting
pred_000895,895,1375.36,96,600,15.72538717,cn,app_107,interactive,job_level_historical_profile_forecasting
pred_000896,896,1377.035,12,120,30.0164295,hn,app_0,interactive,job_level_historical_profile_forecasting
pred_000897,897,1377.868333,64,320,2.183333333,cn,app_27,interactive,job_level_historical_profile_forecasting
pred_000898,898,1379.101667,48,300,198.596669,cn,app_141,batch,job_level_historical_profile_forecasting
pred_000899,899,1379.151667,64,320,2.183333333,cn,app_130,interactive,job_level_historical_profile_forecasting
pred_000900,900,1379.185,64,320,2.14003,cn,app_140,interactive,job_level_historical_profile_forecasting
pred_000901,901,1381.251667,96,480,1571.841667,cn,app_31,batch,job_level_historical_profile_forecasting
pred_000902,902,1381.785,8,40,208.709683,hn,app_50,batch,job_level_historical_profile_forecasting
pred_000903,903,1384.418333,48,240,18201.09282,cn,app_74,batch,job_level_historical_profile_forecasting
pred_000904,904,1384.901667,8,40,121.6349767,hn,app_46,batch,job_level_historical_profile_forecasting
pred_000905,905,1386.935,64,320,383.118127,cn,app_87,batch,job_level_historical_profile_forecasting
pred_000906,906,1391.493333,8,40,1710.167513,hn,app_25,batch,job_level_historical_profile_forecasting
pred_000907,907,1392.718333,12,120,175.871842,hn,app_0,batch,job_level_historical_profile_forecasting
pred_000908,908,1394.018333,64,320,2.185042667,cn,app_2,interactive,job_level_historical_profile_forecasting
pred_000909,909,1395.66,64,320,1177.045792,cn,app_82,batch,job_level_historical_profile_forecasting
pred_000910,910,1396.401667,8,40,968.6454562,hn,app_18,batch,job_level_historical_profile_forecasting
pred_000911,911,1396.618333,48,240,198.244689,cn,app_123,batch,job_level_historical_profile_forecasting
pred_000912,912,1398.693333,48,201,1470.527864,cn,app_0,batch,job_level_historical_profile_forecasting
pred_000913,913,1398.768333,48,240,2.116666667,cn,app_123,interactive,job_level_historical_profile_forecasting
pred_000914,914,1400.801667,64,320,383.118127,cn,app_87,batch,job_level_historical_profile_forecasting
pred_000915,915,1401.618333,48,240,472.45,cn,app_14,batch,job_level_historical_profile_forecasting
pred_000916,916,1401.668333,48,240,2.083333333,cn,app_14,interactive,job_level_historical_profile_forecasting
pred_000917,917,1403.743333,48,201,1470.527864,cn,app_0,batch,job_level_historical_profile_forecasting
pred_000918,918,1405.776667,64,320,383.118127,cn,app_87,batch,job_level_historical_profile_forecasting
pred_000919,919,1407.81,64,320,383.118127,cn,app_87,batch,job_level_historical_profile_forecasting
pred_000920,920,1409.41,64,320,143.0061695,cn,app_20,batch,job_level_historical_profile_forecasting
pred_000921,921,1411.485,48,201,1470.527864,cn,app_0,batch,job_level_historical_profile_forecasting
pred_000922,922,1414.385,64,256,533.492142,cn,app_25,batch,job_level_historical_profile_forecasting
pred_000923,923,1415.668333,64,320,150.728372,cn,app_59,batch,job_level_historical_profile_forecasting
pred_000924,924,1417.951667,64,320,7635.117823,cn,app_91,batch,job_level_historical_profile_forecasting
pred_000925,925,1418.368333,8,40,2843.035637,hn,app_93,batch,job_level_historical_profile_forecasting
pred_000926,926,1418.585,48,240,198.244689,cn,app_123,batch,job_level_historical_profile_forecasting
pred_000927,927,1418.618333,64,320,2.14003,cn,app_140,interactive,job_level_historical_profile_forecasting
pred_000928,928,1420.776667,96,480,26.52528367,cn,app_50,interactive,job_level_historical_profile_forecasting
pred_000929,929,1422.626667,96,480,2276.983333,cn,app_50,batch,job_level_historical_profile_forecasting
pred_000930,930,1424.443333,48,225,671.5,cn,app_148,batch,job_level_historical_profile_forecasting
pred_000931,931,1424.976667,8,40,208.709683,hn,app_50,batch,job_level_historical_profile_forecasting
pred_000932,932,1427.443333,192,937.5,3146.862072,cn,app_42,batch,job_level_historical_profile_forecasting
pred_000933,933,1429.476667,64,320,383.118127,cn,app_87,batch,job_level_historical_profile_forecasting
pred_000934,934,1429.526667,48,240,2.083333333,cn,app_14,interactive,job_level_historical_profile_forecasting
pred_000935,935,1431.56,64,320,383.118127,cn,app_87,batch,job_level_historical_profile_forecasting
pred_000936,936,1434.593333,8,40,0.1161565,hn,app_20,interactive,job_level_historical_profile_forecasting
pred_000937,937,1435.818333,12,120,175.871842,hn,app_0,batch,job_level_historical_profile_forecasting
pred_000938,938,1437.451667,64,350,848.3666667,cn,app_86,batch,job_level_historical_profile_forecasting
pred_000939,939,1438.751667,64,320,2.185042667,cn,app_2,interactive,job_level_historical_profile_forecasting
